screen_name,location
ronymazzi,"Lima, Peru"
Joal_Cesotti,"Sucre, Provincia Oropeza, Chuquisaca, 9999, Bolivia"
TaipingPrashant,"Guadalajara, Jalisco, 44360, M√©xico"
Morales382,"Caracas, Municipio Libertador, Distrito Capital, Regi√≥n Capital, 1010-A, Venezuela"
eliud10mt,"Monterrey, Nuevo Le√≥n, M√©xico"
JaimeRivera1312,"St. Gallen, Wahlkreis St. Gallen, Sankt Gallen, Switzerland"
Santiago_ERC,"Puebla, M√©xico"
KAle2412,"La Paz, Provincia Pedro Domingo Murillo, La Paz, Bolivia"
karinitapintos,"Buenos Aires, Ciudad Aut√≥noma de Buenos Aires, Argentina"
bensi_mike,"Ciudad de M√©xico, Cuauht√©moc, Ciudad de M√©xico, 06060, M√©xico"
TheParanoidMan,"Buenos Aires, Ciudad Aut√≥noma de Buenos Aires, Argentina"
loorvelezgina,"–ö–æ—Ç–æ–≤–æ, –û–∫—É–ª–æ–≤—Å–∫–∏–π —Ä–∞–π–æ–Ω, –ù–æ–≤–≥–æ—Ä–æ–¥—Å–∫–∞—è –æ–±–ª–∞—Å—Ç—å, –°–µ–≤–µ—Ä–æ-–ó–∞–ø–∞–¥–Ω—ã–π —Ñ–µ–¥–µ—Ä–∞–ª—å–Ω—ã–π –æ–∫—Ä—É–≥, 174345, –†–æ—Å—Å–∏—è"
PMishellL,"Buenos Aires, Ciudad Aut√≥noma de Buenos Aires, Argentina"
cerebromorlet,"Chilpancingo, Chilpancingo de los Bravo, Guerrero, 39000, M√©xico"
SantiTezza,"Buenos Aires, Ciudad Aut√≥noma de Buenos Aires, Argentina"
rafarafa_ve,"Caracas, Municipio Libertador, Distrito Capital, Regi√≥n Capital, 1010-A, Venezuela"
Duplata,"Rio de Janeiro, Microrregi√£o Rio de Janeiro, Regi√£o Metropolitana do Rio de Janeiro, Rio de Janeiro, Regi√£o Sudeste, Brasil"
EnzoOropeza,"La Paz, Provincia Pedro Domingo Murillo, La Paz, Bolivia"
rodriguitito,"Cochabamba, Kanata, Cercado, Cochabamba, Bolivia"
gutiandrea_,"Santa Cruz de la Sierra, Provincia Andr√©s Ib√°√±ez, Santa Cruz, 3212, Bolivia"
Vs2Clau,"Distrito Federal, Regi√£o Centro-Oeste, Brasil"
TommiAnacaratte,"C√≥rdoba, Andaluc√≠a, Espa√±a"
FarfiHoge,"Coronel Oviedo, Caaguaz√∫, Regi√≥n Oriental, 3300, Paraguay"
joaovitorjv,"Belo Horizonte, Microrregi√£o Belo Horizonte, Regi√£o Metropolitana de Belo Horizonte, Mesorregi√£o Metropolitana de Belo Horizonte, Minas Gerais, Regi√£o Sudeste, Brasil"
DiegoOchoaMz,"Loja, Comarca de Loja, Granada, Andaluc√≠a, Espa√±a"
hcordero1972a,"Gu√°piles, Cant√≥n Pococ√≠, Provincia Lim√≥n, 70201, Costa Rica"
juanquitm,"La Paz, Provincia Pedro Domingo Murillo, La Paz, Bolivia"
huertas_oscar,Colombia
Nur_Hegel,"La Paz, Provincia Pedro Domingo Murillo, La Paz, Bolivia"
Nicolas_Strad,"Bah√≠a Blanca, Partido de Bah√≠a Blanca, Buenos Aires, Argentina"
WestchesterHisp,"White Plains, Westchester County, New York, United States"
NSANoticias,"Avellaneda, Partido de Avellaneda, Buenos Aires, 1870, Argentina"
FabianaJustin15,"Miami, Miami-Dade County, Florida, United States of America"
Sevla_Socram_17,"Cincinnati, Hamilton County, Ohio, United States of America"
andreapaza99,"La Paz, Provincia Pedro Domingo Murillo, La Paz, Bolivia"
helopait,"S√£o Paulo, Regi√£o Imediata de S√£o Paulo, Regi√£o Metropolitana de S√£o Paulo, Regi√£o Intermedi√°ria de S√£o Paulo, S√£o Paulo, Regi√£o Sudeste, Brasil"
ArmandoForigua,"Bogot√°, Distrito Capital de Bogot√°, 110321, Colombia"
David_Kaiser1,Bolivia
Alejand07159837,"Evoluci√≥n, Guadalupe, Nuevo Le√≥n, M√©xico"
joseguerrero74,"Miami, Miami-Dade County, Florida, United States of America"
alej_AJ,"Santa Cruz, Argentina"
luisareynaldez,"La Paz, Provincia Pedro Domingo Murillo, La Paz, Bolivia"
AleRuizBlas2,"Toluca, Estado de M√©xico, 50150, M√©xico"
deepmales,"Santiago, Cant√≥n Para√≠so, Provincia Cartago, 30202, Costa Rica"
diegoclaure,"Val√®ncia, Comarca de Val√®ncia, Val√®ncia / Valencia, Comunitat Valenciana, Espa√±a"
andrea__guti,"Santa Cruz, Argentina"
JorgeGomezARG,"Buenos Aires, Ciudad Aut√≥noma de Buenos Aires, Argentina"
MarlystF,"Caracas, Municipio Libertador, Distrito Capital, Regi√≥n Capital, 1010-A, Venezuela"
MikeSrzSansores,"Tabasco, M√©xico"
sirahuen_gs,"Ciudad de M√©xico, Cuauht√©moc, Ciudad de M√©xico, 06060, M√©xico"
MahiaZapata,"Cochabamba, Kanata, Cercado, Cochabamba, Bolivia"
MariaButarelli,"Rosario, Municipio de Rosario, Departamento Rosario, Santa Fe, S2000, Argentina"
Pauvels7,"Buenos Aires, Ciudad Aut√≥noma de Buenos Aires, Argentina"
monicar29342038,"Guadalajara, Jalisco, 44360, M√©xico"
BarlayusF,"Ap√≥stoles, Municipio de Ap√≥stoles, Departamento Ap√≥stoles, Misiones, 3350, Argentina"
HumbertoRTho,"Toluca, Estado de M√©xico, 50150, M√©xico"
luisjimenez_p,"Cuenca, Castilla-La Mancha, Espa√±a"
maduradascom,"Caracas, Municipio Libertador, Distrito Capital, Regi√≥n Capital, 1010-A, Venezuela"
josizuazo,"Los Angeles, Los Angeles County, California, United States of America"
bidonesbol,"Montr√©al, Agglom√©ration de Montr√©al, Montr√©al (06), Qu√©bec, Canada"
DJVourez,"Santa Cruz, Argentina"
HctorRodrguezC7,"Nuevo Le√≥n, M√©xico"
pingo06,"Tampico, Tamaulipas, 89160, M√©xico"
abarbati,"Maracaibo, Municipio Maracaibo, Zulia, 4001, Venezuela"
Pablitoreyes10,"Nueva Santa Anita, Iztacalco, Ciudad de M√©xico, 08210, M√©xico"
nairura,"La Paz, Provincia Pedro Domingo Murillo, La Paz, Bolivia"
Natalia05266478,"La Paz, Provincia Pedro Domingo Murillo, La Paz, Bolivia"
gramscista,"Roma, Roma Capitale, Lazio, Italia"
MateusH46341195,"Tr√™s Lagoas, Microrregi√£o de Tr√™s Lagoas, Mesorregi√£o Leste de Mato Grosso do Sul, Mato Grosso do Sul, Regi√£o Centro-Oeste, Brasil"
Arfago,"Acapulco, Acapulco de Ju√°rez, Guerrero, 39300, M√©xico"
paisciego,"San Juan, Puerto Rico, 00901, United States of America"
CarlosHugoff,"Santa Cruz, Argentina"
JornalistaDSM,"Carapicu√≠ba, Regi√£o Imediata de S√£o Paulo, Regi√£o Metropolitana de S√£o Paulo, Regi√£o Intermedi√°ria de S√£o Paulo, S√£o Paulo, Regi√£o Sudeste, Brasil"
teresa_iturbe,"Puerto Varas, Provincia de Llanquihue, Regi√≥n de Los Lagos, Chile"
johnandrewshuck,"Portland, Multnomah County, Oregon, United States of America"
x_loren76,"C√≥rdoba, Andaluc√≠a, Espa√±a"
gustavoforgione,"Buenos Aires, Ciudad Aut√≥noma de Buenos Aires, Argentina"
DanSilver2,"Toulouse, Haute-Garonne, Occitanie, France m√©tropolitaine, France"
Marly_wbc,"Buenos Aires, Ciudad Aut√≥noma de Buenos Aires, Argentina"
yanethcruz,"Monterrey, Nuevo Le√≥n, M√©xico"
pinto_andrs,"Cochabamba, Kanata, Cercado, Cochabamba, Bolivia"
ConfusioE,"Bragan√ßa Paulista, Regi√£o Imediata de Bragan√ßa Paulista, S√£o Paulo, Regi√£o Sudeste, Brasil"
scrubsfan10,"Chicago, Cook County, Illinois, United States of America"
SilviaI62689419,Argentina
tastoacho,"El Salto, Jalisco, M√©xico"
ZHCANCUN,"Zona Hotelera, San Jos√© del Cabo, Los Cabos, Baja California Sur, 23400, M√©xico"
CamachoValdemar,"Centre-Val de Loire, France m√©tropolitaine, France"
Mae_Esmi_S2,"Santa Cruz, Argentina"
fafibarbosa,"S√£o Paulo, Regi√£o Imediata de S√£o Paulo, Regi√£o Metropolitana de S√£o Paulo, Regi√£o Intermedi√°ria de S√£o Paulo, S√£o Paulo, Regi√£o Sudeste, Brasil"
aclladorez,"Santa Cruz, Argentina"
malmayiriti,"Madrid, √Årea metropolitana de Madrid y Corredor del Henares, Comunidad de Madrid, 28001, Espa√±a"
NicoleSuarezM,"Santa Cruz, Argentina"
jo_ta_ene,"Iquique, Provincia de Iquique, Regi√≥n de Tarapac√°, Chile"
alajxpacha,"La Paz, Provincia Pedro Domingo Murillo, La Paz, Bolivia"
Salvado79439053,"Guadalajara, Jalisco, 44360, M√©xico"
Luis_Salgado_C,"Los Angeles, Los Angeles County, California, United States of America"
gustavoforgione,"Buenos Aires, Ciudad Aut√≥noma de Buenos Aires, Argentina"
EditorialUCauca,"Casa Mosquera, Corral de Almaguer, Toledo, Castilla-La Mancha, Espa√±a"
FflabSC,"La Paz, Provincia Pedro Domingo Murillo, La Paz, Bolivia"
Natalia05266478,"La Paz, Provincia Pedro Domingo Murillo, La Paz, Bolivia"
DanieLocro,"Cuenca, Castilla-La Mancha, Espa√±a"
7980collado,"Masaya, Masaya (Municipio), Masaya, 41000, Nicaragua"
jordiugartey,"La Paz, Provincia Pedro Domingo Murillo, La Paz, Bolivia"
cristinasol,"Santa Cruz, Argentina"
chrale90,"Buenos Aires, Ciudad Aut√≥noma de Buenos Aires, Argentina"
martinpulento53,"Maip√∫, Provincia de Santiago, Regi√≥n Metropolitana de Santiago, Chile"
kjosek14,"San Fernando, Chiapas, M√©xico"
AleeUnity,"Buenos Aires, Ciudad Aut√≥noma de Buenos Aires, Argentina"
VakulikP,"Tacna, Per√∫"
MarceloPascu,"Vicente L√≥pez, Partido de Vicente L√≥pez, Buenos Aires, Argentina"
MD_HO_DrAaronFC,"Jalisco, M√©xico"
penellagr,"Ciudad de M√©xico, Cuauht√©moc, Ciudad de M√©xico, 06060, M√©xico"
ivanfer71,"Zirc, Zirci j√°r√°s, Veszpr√©m megye, K√∂z√©p-Dun√°nt√∫l, Dun√°nt√∫l, 8420, Magyarorsz√°g"
glopezra,"Puebla, M√©xico"
edudorado97,"Santa Cruz, Argentina"
ibabspitz,"Cochabamba, Kanata, Cercado, Cochabamba, Bolivia"
omegaradioco,"Bogot√°, Distrito Capital de Bogot√°, 110321, Colombia"
gutiandrea_,"Santa Cruz de la Sierra, Provincia Andr√©s Ib√°√±ez, Santa Cruz, 3212, Bolivia"
elvis5241,"Santo Domingo, Santo Domingo De Guzm√°n, Distrito Nacional, 10129, Rep√∫blica Dominicana"
RightYourWrong,"Berlin, 10117, Deutschland"
HHMARTINL,"Bogot√°, Distrito Capital de Bogot√°, 110321, Colombia"
Gonzalo03769714,"Santo Tom√°s, Departamento de San Salvador, Rep√∫blica de El Salvador"
jesusmcova,"Caracas, Municipio Libertador, Distrito Capital, Regi√≥n Capital, 1010-A, Venezuela"
EdwinR_77,"Zapopan, Jalisco, 45129, M√©xico"
Mabamamx,"Tabasco, M√©xico"
Isaura11884421,"Ju√°rez, Nuevo Le√≥n, M√©xico"
haf1972,"Minas Gerais, Regi√£o Sudeste, Brasil"
jatirado_oc,"Madrid, √Årea metropolitana de Madrid y Corredor del Henares, Comunidad de Madrid, 28001, Espa√±a"
SIPSE,"M√©rida, Badajoz, Extremadura, 06800, Espa√±a"
DanSilver2,"Toulouse, Haute-Garonne, Occitanie, France m√©tropolitaine, France"
ejquinonez,"Esmeraldas, Ecuador"
martinpulento53,"Maip√∫, Provincia de Santiago, Regi√≥n Metropolitana de Santiago, Chile"
MayuSilva1,"üÖøÔ∏è, Avenida Gregorio Riva, Villa Lora, La Vega, 48000, Rep√∫blica Dominicana"
cristianolucero,"Buenos Aires, Ciudad Aut√≥noma de Buenos Aires, Argentina"
germanh60,"Bogot√°, Distrito Capital de Bogot√°, 110321, Colombia"
_AaronMana,"Merlo, Partido de Merlo, Buenos Aires, Argentina"
mariferpruiz40,"Distrito Federal, Regi√£o Centro-Oeste, Brasil"
DaguirreMiranda,"La Paz, Provincia Pedro Domingo Murillo, La Paz, Bolivia"
tono0,"Colina, Provincia de Chacabuco, Regi√≥n Metropolitana de Santiago, Chile"
AngelicaBohor18,"Ciudad de M√©xico, Cuauht√©moc, Ciudad de M√©xico, 06060, M√©xico"
EdwinR_77,"Zapopan, Jalisco, 45129, M√©xico"
Eli37113338,"Villa √Ångela, Pasto, Nari√±o, Colombia"
chiro1967,"Maine, United States of America"
OstriaMa,"La Paz, Provincia Pedro Domingo Murillo, La Paz, Bolivia"
ErikaOSanoja,"Caracas, Municipio Libertador, Distrito Capital, Regi√≥n Capital, 1010-A, Venezuela"
pierziina,"Buenos Aires, Ciudad Aut√≥noma de Buenos Aires, Argentina"
SIPSE,"M√©rida, Badajoz, Extremadura, 06800, Espa√±a"
Roma16demaio,"S√£o Paulo, Regi√£o Imediata de S√£o Paulo, Regi√£o Metropolitana de S√£o Paulo, Regi√£o Intermedi√°ria de S√£o Paulo, S√£o Paulo, Regi√£o Sudeste, Brasil"
LuisPac35209434,"Esmeraldas, Ecuador"
Roma16demaio,"S√£o Paulo, Regi√£o Imediata de S√£o Paulo, Regi√£o Metropolitana de S√£o Paulo, Regi√£o Intermedi√°ria de S√£o Paulo, S√£o Paulo, Regi√£o Sudeste, Brasil"
NeoInformes,"Comunidad de Madrid, Espa√±a"
OrtegaSegorteca,"Machala, El Oro, Ecuador"
DSampetrino,"Buenos Aires, Ciudad Aut√≥noma de Buenos Aires, Argentina"
jjcmgmail,"Guadalajara, Jalisco, 44360, M√©xico"
QPEV_,"Caracas, Municipio Libertador, Distrito Capital, Regi√≥n Capital, 1010-A, Venezuela"
The88Turtle,"Alcantarilla, √Årea Metropolitana de Murcia, Regi√≥n de Murcia, 30820, Espa√±a"
NicolasMonvR,"Rosario, Municipio de Rosario, Departamento Rosario, Santa Fe, S2000, Argentina"
QPEV_,"Caracas, Municipio Libertador, Distrito Capital, Regi√≥n Capital, 1010-A, Venezuela"
ElDictamen,"Veracruz de Ignacio de la Llave, M√©xico"
mariogdeanda,"Naucalpan, Naucalpan de Ju√°rez, Estado de M√©xico, 53580, M√©xico"
villaseninr,"Mataderos, Buenos Aires, Ciudad Aut√≥noma de Buenos Aires, Argentina"
iaco_ar,"Ciudad de Mendoza, Secci√≥n 2¬™ Barrio C√≠vico, Departamento Capital, Mendoza, Argentina"
JesusGarciaTej3,"Almoloya de Alquisiras, Estado de M√©xico, M√©xico"
bidonesbol,"Montr√©al, Agglom√©ration de Montr√©al, Montr√©al (06), Qu√©bec, Canada"
joejoeorest,"Nuevo Le√≥n, M√©xico"
rmedinapacheco,"La Paz, Provincia Pedro Domingo Murillo, La Paz, Bolivia"
folha,"S√£o Paulo, Regi√£o Imediata de S√£o Paulo, Regi√£o Metropolitana de S√£o Paulo, Regi√£o Intermedi√°ria de S√£o Paulo, S√£o Paulo, Regi√£o Sudeste, Brasil"
bidonesbol,"Montr√©al, Agglom√©ration de Montr√©al, Montr√©al (06), Qu√©bec, Canada"
marciano2072,"Santiago, Cant√≥n Para√≠so, Provincia Cartago, 30202, Costa Rica"
marenos24175207,"Yunguyo, Puno, Peru"
roiltmancortes,Venezuela
nuncarodillas,"Sucre, Provincia Oropeza, Chuquisaca, 9999, Bolivia"
rmedinapacheco,"La Paz, Provincia Pedro Domingo Murillo, La Paz, Bolivia"
avefeni23663728,"General Obligado, Resistencia, Departamento San Fernando, Chaco, Argentina"
FrancoAM16,"Diamante, Cosenza, Calabria, 87023, Italia"
argus_5,"La Paz, Provincia Pedro Domingo Murillo, La Paz, Bolivia"
brunocastilloo1,"Mar del Plata, Partido de General Pueyrred√≥n, Buenos Aires, Argentina"
Gbastidas,"Buenos Aires, Ciudad Aut√≥noma de Buenos Aires, Argentina"
EstrellaOnline,Panam√°
GileraArgentina,"Buenos Aires, Ciudad Aut√≥noma de Buenos Aires, Argentina"
AlejandraCoca7,"Barcelona, Barcelon√®s, Barcelona, Catalunya, Espa√±a"
Cruz310782,"Quito, Pichincha, 17041, Ecuador"
FreddyIndio3,"Manta, Cuneo, Piemonte, Italia"
rodolfoasar,"Quito, Pichincha, 17041, Ecuador"
nuncarodillas,"Sucre, Provincia Oropeza, Chuquisaca, 9999, Bolivia"
LuisCarlosAlcz2,"Santa Cruz, Argentina"
JoeArogSiroo,"Tlalnepantla de Baz, Estado de M√©xico, M√©xico"
Twony94,"Distrito Federal, Regi√£o Centro-Oeste, Brasil"
IvonneRexx,"Managua, Managua (Municipio), Departamento de Managua, 10000 (CODIGO MAESTRO), Nicaragua"
EnkiWall,"Ciudad de M√©xico, Cuauht√©moc, Ciudad de M√©xico, 06060, M√©xico"
Teo_Fernan,"Parnamirim, Microrregi√£o de Natal, Mesorregi√£o do Leste Potiguar, Rio Grande do Norte, Regi√£o Nordeste, Brasil"
AntonioRios1972,"Tijuana, Municipio de Tijuana, Baja California, 22105, M√©xico"
Busster_Spain,"Madrid, √Årea metropolitana de Madrid y Corredor del Henares, Comunidad de Madrid, 28001, Espa√±a"
Busster_Spain,"Madrid, √Årea metropolitana de Madrid y Corredor del Henares, Comunidad de Madrid, 28001, Espa√±a"
Busster_Spain,"Madrid, √Årea metropolitana de Madrid y Corredor del Henares, Comunidad de Madrid, 28001, Espa√±a"
bidonesbol,"Montr√©al, Agglom√©ration de Montr√©al, Montr√©al (06), Qu√©bec, Canada"
cria2,"Buenos Aires, Ciudad Aut√≥noma de Buenos Aires, Argentina"
bidonesbol,"Montr√©al, Agglom√©ration de Montr√©al, Montr√©al (06), Qu√©bec, Canada"
AnemijQa,"La Paz, Provincia Pedro Domingo Murillo, La Paz, Bolivia"
cesarepm,"Kirkland, King County, Washington, United States"
HoffmanLijeron,"Fruit Cove, Myron Road, Switzerland, St. Johns County, Florida, 32259, United States"
jafo83855914,"Guayaquil, Guayas, Ecuador"
Busster_Spain,"Madrid, √Årea metropolitana de Madrid y Corredor del Henares, Comunidad de Madrid, 28001, Espa√±a"
ChavezMariaT1,"Macap√°, Microrregi√£o de Macap√°, Mesorregi√£o Sul do Amap√°, Amap√°, Regi√£o Norte, Brasil"
LapadulaTomi,"Balcarce, Partido de Balcarce, Buenos Aires, Argentina"
zikab17,"Porto Alegre, Regi√£o Geogr√°fica Imediata de Porto Alegre, Regi√£o Metropolitana de Porto Alegre, Regi√£o Geogr√°fica Intermedi√°ria de Porto Alegre, Rio Grande do Sul, Regi√£o Sul, Brasil"
juanjgld,"Medell√≠n, Zona Urbana Medell√≠n, Medell√≠n, Valle de Aburr√°, Antioquia, 0500, Colombia"
thessaloniky,"Hicksville, Nassau County, New York, 11801, United States"
ericolivool,"New Jersey, United States of America"
LuisCarlosAlcz2,"Santa Cruz, Argentina"
maduradascom,"Caracas, Municipio Libertador, Distrito Capital, Regi√≥n Capital, 1010-A, Venezuela"
bidonesbol,"Montr√©al, Agglom√©ration de Montr√©al, Montr√©al (06), Qu√©bec, Canada"
jota_jotica,"Lara, Regi√≥n Centroccidental, Venezuela"
_vgangulo,"Santa Cruz, Argentina"
LaPublicacion,"Madrid, √Årea metropolitana de Madrid y Corredor del Henares, Comunidad de Madrid, 28001, Espa√±a"
Qui_Goncisz,"Posadas, Municipio de Posadas, Departamento Capital, Misiones, Argentina"
e_consulta,"Puebla, M√©xico"
NicaNws,"Managua, Managua (Municipio), Departamento de Managua, 10000 (CODIGO MAESTRO), Nicaragua"
ChavezMariaT1,"Macap√°, Microrregi√£o de Macap√°, Mesorregi√£o Sul do Amap√°, Amap√°, Regi√£o Norte, Brasil"
Maroriva,"K√∂ln, Regierungsbezirk K√∂ln, Nordrhein-Westfalen, Deutschland"
GlafiroSerralde,"Tec√°mac, Estado de M√©xico, 55740, M√©xico"
BenjaBaldoma,"Rosario, Municipio de Rosario, Departamento Rosario, Santa Fe, S2000, Argentina"
Franco47936551,"Oklahoma, United States"
gusmoral22,"Comodoro Rivadavia, Departamento Escalante, Chubut, Golfo San Jorge"
fernandoherna98,"Distrito Federal, Regi√£o Centro-Oeste, Brasil"
Radialtricolor,"New York, United States of America"
G_Arispe,"Cochabamba, Kanata, Cercado, Cochabamba, Bolivia"
nyyzer,"Florian√≥polis, Microrregi√£o de Florian√≥polis, Mesorregi√£o da Grande Florian√≥polis, Santa Catarina, Regi√£o Sul, Brasil"
LuizBor86589999,"S√£o Bernardo do Campo, Regi√£o Imediata de S√£o Paulo, Regi√£o Metropolitana de S√£o Paulo, Regi√£o Intermedi√°ria de S√£o Paulo, S√£o Paulo, Regi√£o Sudeste, Brasil"
gusmoral22,"Comodoro Rivadavia, Departamento Escalante, Chubut, Golfo San Jorge"
Contextogeo,"Rio de Janeiro, Microrregi√£o Rio de Janeiro, Regi√£o Metropolitana do Rio de Janeiro, Rio de Janeiro, Regi√£o Sudeste, Brasil"
davidrincones47,"Celaya, Guanajuato, 38000, M√©xico"
JohnnyBamb,"Washington, District of Columbia, 20500, United States of America"
_vgangulo,"Santa Cruz, Argentina"
ExtraVzla,"Caracas, Municipio Libertador, Distrito Capital, Regi√≥n Capital, 1010-A, Venezuela"
ExtraVzla,"Caracas, Municipio Libertador, Distrito Capital, Regi√≥n Capital, 1010-A, Venezuela"
davidrincones47,"Celaya, Guanajuato, 38000, M√©xico"
LuisPoncekirk,"Hermosillo, Sonora, 83000, M√©xico"
bidonesbol,"Montr√©al, Agglom√©ration de Montr√©al, Montr√©al (06), Qu√©bec, Canada"
digital_retweet,"Buenos Aires, Ciudad Aut√≥noma de Buenos Aires, Argentina"
VOANoticias,"Washington, District of Columbia, 20500, United States of America"
carloscarias,"Rovereto, Via Edmo Ido Manzolli, Ostellato, Unione dei comuni Valli e Delizie, Ferrara, Emilia-Romagna, 44020, Italia"
yakhob_ben_ezra,"Monterrey, Nuevo Le√≥n, M√©xico"
JohnnyBamb,"Washington, District of Columbia, 20500, United States of America"
juanTTorres9,"Independence, Jackson County, Missouri, United States"
Andreaslaralop2,"Puebla, M√©xico"
reinaldo8501011,"Santa Clara, Santa Clara County, California, United States"
bidonesbol,"Montr√©al, Agglom√©ration de Montr√©al, Montr√©al (06), Qu√©bec, Canada"
MontoyaRenne,"ŸÇÿ±ÿ∑ÿßÿ¨, ŸÇÿ±ÿ∑ÿßÿ¨ ÿßŸÑÿ¥ÿßÿ∑ÿ¶, ŸÇÿ±ÿ∑ÿßÿ¨, ÿ™ŸàŸÜÿ≥, 2016, ÿ™ŸàŸÜÿ≥"
CarlosRG2019,"Cajamarca, Urb. El molinito, Chiclayo, Lambayeque, 5174, Per√∫"
bidonesbol,"Montr√©al, Agglom√©ration de Montr√©al, Montr√©al (06), Qu√©bec, Canada"
BoliviaMagus,"Santa Cruz de la Sierra, Provincia Andr√©s Ib√°√±ez, Santa Cruz, 3212, Bolivia"
LuisPimen10,"La Paz, Provincia Pedro Domingo Murillo, La Paz, Bolivia"
bidonesbol,"Montr√©al, Agglom√©ration de Montr√©al, Montr√©al (06), Qu√©bec, Canada"
JGG0520,"New Mexico, United States of America"
Interactiva929,"Salta, Argentina"
johkhz,"Caracas, Municipio Libertador, Distrito Capital, Regi√≥n Capital, 1010-A, Venezuela"
jptipnis,"Tarija, Bolivia"
bidonesbol,"Montr√©al, Agglom√©ration de Montr√©al, Montr√©al (06), Qu√©bec, Canada"
Unnamedbasterd,"Berlin, 10117, Deutschland"
RoysCelaya,"Ahi, Divriƒüi, Sivas, ƒ∞√ß Anadolu B√∂lgesi, T√ºrkiye"
ruben_perezzz,"Quito, Pichincha, 17041, Ecuador"
herrlichconst,"La Paz, Provincia Pedro Domingo Murillo, La Paz, Bolivia"
FRIoficial,"La Paz, Provincia Pedro Domingo Murillo, La Paz, Bolivia"
blacutt_maria,"Cochabamba, Kanata, Cercado, Cochabamba, Bolivia"
yolisoi2831,"Caripito, Distrito Bol√≠var, Monagas, Venezuela"
ctolentinohotm1,"Monterrey, Nuevo Le√≥n, M√©xico"
nachoarciniegas,"Le H√®re, Langon, Gironde, Nouvelle-Aquitaine, France m√©tropolitaine, France"
CassperGore,"Guadalajara, Jalisco, 44360, M√©xico"
HerlanRene,"Miami, Miami-Dade County, Florida, United States of America"
FRENS_Carabobo,"Carabobo, Central, Venezuela"
gustavoforgione,"Buenos Aires, Ciudad Aut√≥noma de Buenos Aires, Argentina"
FRENS_Carabobo,"Carabobo, Central, Venezuela"
Samivelvet31,"La Paz, Provincia Pedro Domingo Murillo, La Paz, Bolivia"
Pao_Arenita,"La Paz, Provincia Pedro Domingo Murillo, La Paz, Bolivia"
wazapata,"La Paz, Provincia Pedro Domingo Murillo, La Paz, Bolivia"
kariHerreraPonc,"Santa Cruz, Argentina"
joudri,"Monte Castro, Pontremoli, Massa-Carrara, Toscana, 54027, Italia"
Marcoinsc,"Jacksonville, Duval County, Florida, United States of America"
fallaElectricas,"Boston, Suffolk County, Massachusetts, United States of America"
CamusSantana,"Recoleta, Buenos Aires, Ciudad Aut√≥noma de Buenos Aires, Argentina"
rzllantas,"Tijuana, Municipio de Tijuana, Baja California, 22105, M√©xico"
Alexis59686027,Bolivia
ibabspitz,"Cochabamba, Kanata, Cercado, Cochabamba, Bolivia"
arturo684,"Washington, District of Columbia, 20500, United States of America"
Edo2509,"Regi√≥n de Arica y Parinacota, Chile"
FafaSchmitt,"Rodeio, Microrregi√£o de Blumenau, Mesorregi√£o do Vale do Itaja√≠, Santa Catarina, Regi√£o Sul, 89136-000, Brasil"
abad9615,"S√£o Paulo, Regi√£o Imediata de S√£o Paulo, Regi√£o Metropolitana de S√£o Paulo, Regi√£o Intermedi√°ria de S√£o Paulo, S√£o Paulo, Regi√£o Sudeste, Brasil"
gonzalofprado,"Buenos Aires, Ciudad Aut√≥noma de Buenos Aires, Argentina"
JoacoGimenez2,"Gualeguaych√∫, Distrito Costa Uruguay Sur, Departamento Gualeguaych√∫, Entre R√≠os, 2820, Argentina"
soldemorelia,"Morelia, Michoac√°n de Ocampo, 58000, M√©xico"
DAngelopolitano,"Puebla, M√©xico"
SoniaMo42660248,"Rosarito, Playas de Rosarito, Baja California, 22703, M√©xico"
Kcht07723501,"Guayas, Ecuador"
nati_ebc,"Santa Cruz, Argentina"
toxiccortex,"Northport, Suffolk County, New York, 11768, United States"
CamusSantana,"Recoleta, Buenos Aires, Ciudad Aut√≥noma de Buenos Aires, Argentina"
Diana_Lopezh,"Bogot√°, Distrito Capital de Bogot√°, 110321, Colombia"
LandauBernard,"Florida, United States of America"
mariabriancesco,"Buenos Aires, Ciudad Aut√≥noma de Buenos Aires, Argentina"
GretaMF,"Manassas, Manassas (city), Virginia, 20110, United States"
rbnavmen,"Santa Cruz, Argentina"
vg5157,"Florida, United States of America"
juvizpro,"C√∫cuta, Norte de Santander, 047, Colombia"
DanielGuachall1,"La Paz, Provincia Pedro Domingo Murillo, La Paz, Bolivia"
kariHerreraPonc,"Santa Cruz, Argentina"
Diego_Lorberg,"Santa Cruz de la Sierra, Provincia Andr√©s Ib√°√±ez, Santa Cruz, 3212, Bolivia"
frolivopardo,"Xalapa, Veracruz de Ignacio de la Llave, 91170, M√©xico"
CoritoACA,"Rosario, Municipio de Rosario, Departamento Rosario, Santa Fe, S2000, Argentina"
edgar_cent10,"Celaya, Guanajuato, 38000, M√©xico"
OLIBR2701,"Fortaleza, Microrregi√£o de Fortaleza, Mesorregi√£o Metropolitana de Fortaleza, Cear√°, Regi√£o Nordeste, Brasil"
piopio2019,"Los Angeles, Los Angeles County, California, United States of America"
SoniaCuevasVal1,"La Paz, Provincia Pedro Domingo Murillo, La Paz, Bolivia"
ibabspitz,"Cochabamba, Kanata, Cercado, Cochabamba, Bolivia"
Gregori30548323,"Caracas, Municipio Libertador, Distrito Capital, Regi√≥n Capital, 1010-A, Venezuela"
ibabspitz,"Cochabamba, Kanata, Cercado, Cochabamba, Bolivia"
elisabetsoriano,"La Plata, Partido de La Plata, Buenos Aires, Argentina"
Angy_Maidana,"La Paz, Provincia Pedro Domingo Murillo, La Paz, Bolivia"
ovandoster,"Ciudad de M√©xico, M√©xico"
Mauricioortzab,"Santa Cruz, Argentina"
JaimeLuisss,"Lima, Peru"
ntK90Russ,"Z√°vod, Bonyh√°di j√°r√°s, Tolna megye, D√©l-Dun√°nt√∫l, Dun√°nt√∫l, 7182, Magyarorsz√°g"
gustavooshea,"Ciudad de M√©xico, Cuauht√©moc, Ciudad de M√©xico, 06060, M√©xico"
HectorLaval,"Caseros, Partido de Tres de Febrero, Buenos Aires, Argentina"
Alma_Natta,"Santiago, Cant√≥n Para√≠so, Provincia Cartago, 30202, Costa Rica"
Cida66540547,"Jo√£o Pessoa, Regi√£o Geogr√°fica Imediata de Jo√£o Pessoa, Regi√£o Metropolitana de Jo√£o Pessoa, Regi√£o Geogr√°fica Intermedi√°ria de Jo√£o Pessoa, Para√≠ba, Regi√£o Nordeste, Brasil"
relias23,"San Isidro, Partido de San Isidro, Buenos Aires, Argentina"
FlorDelAire1966,"Villa Martelli, Vicente L√≥pez, Partido de Vicente L√≥pez, Buenos Aires, Argentina"
VillelaSupply,"Hermosillo, Sonora, 83000, M√©xico"
SuresDDHH,"Caracas, Municipio Libertador, Distrito Capital, Regi√≥n Capital, 1010-A, Venezuela"
mariascalef,"South Carolina, United States of America"
miguefk1,"Bogot√°, Distrito Capital de Bogot√°, 110321, Colombia"
NotiBolGroup,"La Paz, Provincia Pedro Domingo Murillo, La Paz, Bolivia"
CamusSantana,"Recoleta, Buenos Aires, Ciudad Aut√≥noma de Buenos Aires, Argentina"
thiagrillo007,"S√£o Paulo, Regi√£o Imediata de S√£o Paulo, Regi√£o Metropolitana de S√£o Paulo, Regi√£o Intermedi√°ria de S√£o Paulo, S√£o Paulo, Regi√£o Sudeste, Brasil"
huevotekinder,"Ex Hip√≥dromo de Peralvillo, Ciudad de M√©xico, Cuauht√©moc, Ciudad de M√©xico, 06250, M√©xico"
TheRealChetDay,"Florida, United States of America"
AgenildoXimenes,"Pernambuco, Regi√£o Nordeste, Brasil"
Enrique_Cosp,"Asunci√≥n, Distrito Capital de Paraguay, Regi√≥n Oriental, 1301, Paraguay"
MyuMatu20,"Santiago, Cant√≥n Para√≠so, Provincia Cartago, 30202, Costa Rica"
Diegopoggiese,"Bah√≠a Blanca, Partido de Bah√≠a Blanca, Buenos Aires, Argentina"
LacamporaLa,"Santa Fe, Argentina"
SacsCFC,"Caracas, Municipio Libertador, Distrito Capital, Regi√≥n Capital, 1010-A, Venezuela"
rodolfojeisonc1,"Manaus, Microrregi√£o de Manaus, Mesorregi√£o Centro Amazonense, Amazonas, Regi√£o Norte, 69000-000, Brasil"
donmiope96,"Ciudad del Este, Alto Paran√°, Regi√≥n Oriental, Paraguay"
el_argento,"Buenos Aires, Ciudad Aut√≥noma de Buenos Aires, Argentina"
policeglock,"Caracas, Municipio Libertador, Distrito Capital, Regi√≥n Capital, 1010-A, Venezuela"
HectorGarCam,"Puebla, M√©xico"
CzechWtf,"Z√°rate, Partido de Z√°rate, Buenos Aires, 2800, Argentina"
cacontro,"Quer√©taro, M√©xico"
raztc,"Distrito Federal, Regi√£o Centro-Oeste, Brasil"
erika_zain,"San Miguel de Tucum√°n, Departamento Capital, Tucum√°n, T4000, Argentina"
JooCarlosdosS20,"Brusque, Millau, Aveyron, Occitanie, France m√©tropolitaine, 12360, France"
miguel_chq,"Arequipa, Peru"
lfsanchezme,"Bogot√°, Distrito Capital de Bogot√°, 110321, Colombia"
jnascim,"S√£o Paulo, Regi√£o Imediata de S√£o Paulo, Regi√£o Metropolitana de S√£o Paulo, Regi√£o Intermedi√°ria de S√£o Paulo, S√£o Paulo, Regi√£o Sudeste, Brasil"
Salsaparrilha4,"Lisboa, Grande Lisboa, √Årea Metropolitana de Lisboa, 1100-148, Portugal"
LayoHdez,"Guadalajara, Jalisco, 44360, M√©xico"
YannEvanovick,"Manaus, Microrregi√£o de Manaus, Mesorregi√£o Centro Amazonense, Amazonas, Regi√£o Norte, 69000-000, Brasil"
mkcaf,"Tampa, Hillsborough County, Florida, United States of America"
lauatodoritmo,"Buenos Aires, Ciudad Aut√≥noma de Buenos Aires, Argentina"
AlanLongy,"Buenos Aires, Ciudad Aut√≥noma de Buenos Aires, Argentina"
hugo911lopez,"Tijuana, Municipio de Tijuana, Baja California, 22105, M√©xico"
jaimebalarcon,"–ú–æ—Å–∫–≤–∞, –¶–µ–Ω—Ç—Ä–∞–ª—å–Ω—ã–π –∞–¥–º–∏–Ω–∏—Å—Ç—Ä–∞—Ç–∏–≤–Ω—ã–π –æ–∫—Ä—É–≥, –ú–æ—Å–∫–≤–∞, –¶–µ–Ω—Ç—Ä–∞–ª—å–Ω—ã–π —Ñ–µ–¥–µ—Ä–∞–ª—å–Ω—ã–π –æ–∫—Ä—É–≥, –†–æ—Å—Å–∏—è"
ReborN_VI,"Rio de Janeiro, Microrregi√£o Rio de Janeiro, Regi√£o Metropolitana do Rio de Janeiro, Rio de Janeiro, Regi√£o Sudeste, Brasil"
AmorimKasusclay,"Porto Velho, Microrregi√£o Porto Velho, Mesorregi√£o Madeira-Guapor√©, Rond√¥nia, Regi√£o Norte, Brasil"
venezuelafrance,"Caracas, Municipio Libertador, Distrito Capital, Regi√≥n Capital, 1010-A, Venezuela"
rafaelmv93,"Distrito Federal, Regi√£o Centro-Oeste, Brasil"
_Yamila_AvilaF_,"La Rioja, Espa√±a"
camba_javi12,"Santa Cruz, Argentina"
sebas_baier,France
veronicasuasan,"Caracas, Municipio Libertador, Distrito Capital, Regi√≥n Capital, 1010-A, Venezuela"
Lassie82640452,"Buenos Aires, Ciudad Aut√≥noma de Buenos Aires, Argentina"
luzsolischile,"Santiago, Cant√≥n Para√≠so, Provincia Cartago, 30202, Costa Rica"
nuneznoda,"Homestead, Miami-Dade County, Florida, United States"
danielhr91,"Bogot√°, Distrito Capital de Bogot√°, 110321, Colombia"
Karin_MUFC,"England, United Kingdom"
dhorna,"Lima, Peru"
Busster_Spain,"Madrid, √Årea metropolitana de Madrid y Corredor del Henares, Comunidad de Madrid, 28001, Espa√±a"
NocturnaGarua,"Cuenca, Castilla-La Mancha, Espa√±a"
EnriqueIX,"Monterrey, Nuevo Le√≥n, M√©xico"
OFernandoLOBO,"Laranjeiras, Microrregi√£o da Grande Aracaju, Mesorregi√£o Leste Sergipano, Sergipe, Regi√£o Nordeste, Brasil"
NataliaLino12,"Santa Cruz, Argentina"
Alexdruo123,"Porlamar, Municipio Mari√±o, Nueva Esparta, Regi√≥n Insular, 6301, Venezuela"
RoqueRivasZ,"Quito, Pichincha, 17041, Ecuador"
CzechWtf,"Z√°rate, Partido de Z√°rate, Buenos Aires, 2800, Argentina"
Lprtr3,"Caracas, Municipio Libertador, Distrito Capital, Regi√≥n Capital, 1010-A, Venezuela"
ANAME5,"Madrid, √Årea metropolitana de Madrid y Corredor del Henares, Comunidad de Madrid, 28001, Espa√±a"
Azumi_blue,"Santa Cruz, Argentina"
kingclawtoo,"London, Greater London, England, SW1A 2DX, United Kingdom"
albertoescobosa,"Mazatl√°n, Sinaloa, 82000, M√©xico"
geovanychivas,"Guerrero, M√©xico"
OctavioUSAER,"Xalapa, Veracruz de Ignacio de la Llave, 91170, M√©xico"
PavaoAlves,"S√£o Paulo, Regi√£o Imediata de S√£o Paulo, Regi√£o Metropolitana de S√£o Paulo, Regi√£o Intermedi√°ria de S√£o Paulo, S√£o Paulo, Regi√£o Sudeste, Brasil"
missaeldavila,"Monterrey, Nuevo Le√≥n, M√©xico"
silvana_troilo,"Buenos Aires, Ciudad Aut√≥noma de Buenos Aires, Argentina"
Andreblumenau42,"Santa Catarina, Regi√£o Sul, Brasil"
owlconservador,"London, Greater London, England, SW1A 2DX, United Kingdom"
RamiroCruzP_,"Cochabamba, Kanata, Cercado, Cochabamba, Bolivia"
LuisHuertas2014,"Piura, Departamento de Piura, Per√∫"
pichongarse1963,"Guanare, Parroquia Capital Guanare, Municipio Guanare, Portuguesa, Regi√≥n Centroccidental, Venezuela"
Dann_alm,"S√£o Lu√≠s, Microrregi√£o da Aglomera√ß√£o Urbana de S√£o Lu√≠s, Mesorregi√£o Norte Maranhense, Maranh√£o, Regi√£o Nordeste, Brasil"
DavidCarreta,"Madrid, √Årea metropolitana de Madrid y Corredor del Henares, Comunidad de Madrid, 28001, Espa√±a"
SergioBacaM,"Florida, United States of America"
Mpp_949,"Buenos Aires, Ciudad Aut√≥noma de Buenos Aires, Argentina"
derrickokeefe,"Vancouver, Metro Vancouver Regional District, British Columbia, Canada"
matthiue,"Regi√≥n del Biob√≠o, Chile"
joseroochaa,"Picos, Microrregi√£o de Picos, Mesorregi√£o Sudeste Piauiense, Piau√≠, Regi√£o Nordeste, Brasil"
RobFaxa,"Vi√±a del Mar, Provincia de Valpara√≠so, Regi√≥n de Valpara√≠so, Chile"
WilliamDelgadoG,"Miami, Miami-Dade County, Florida, United States of America"
mvazocar,"Gironde, Nouvelle-Aquitaine, France m√©tropolitaine, France"
CibaDias,"S√£o Paulo, Regi√£o Imediata de S√£o Paulo, Regi√£o Metropolitana de S√£o Paulo, Regi√£o Intermedi√°ria de S√£o Paulo, S√£o Paulo, Regi√£o Sudeste, Brasil"
fjjove1,"San Fernando, Chiapas, M√©xico"
johnnylandaeta1,"Val√®ncia, Comarca de Val√®ncia, Val√®ncia / Valencia, Comunitat Valenciana, Espa√±a"
Giorgio231989,"Pe√±aflor, Sevilla, Andaluc√≠a, Espa√±a"
AndyPowerful1,"Tuxtla Guti√©rrez, Chiapas, 29000, M√©xico"
LGonzalo81,"C√≥rdoba, Andaluc√≠a, Espa√±a"
chimalixtac,"Playa del Carmen, Solidaridad, Quintana Roo, M√©xico"
hrvardei,"Bogot√°, Distrito Capital de Bogot√°, 110321, Colombia"
ckempffb,"Santa Cruz, Argentina"
manuel_magg,"Santa Ana, Orange County, California, United States of America"
LuizCBrito1,"Porto Alegre, Regi√£o Geogr√°fica Imediata de Porto Alegre, Regi√£o Metropolitana de Porto Alegre, Regi√£o Geogr√°fica Intermedi√°ria de Porto Alegre, Rio Grande do Sul, Regi√£o Sul, Brasil"
RUDYROLE,"Posadas, Municipio de Posadas, Departamento Capital, Misiones, Argentina"
mariojose_cuba,"Florida, United States of America"
30french,"Portland, Multnomah County, Oregon, United States of America"
dany_iceberg,"Buenos Aires, Ciudad Aut√≥noma de Buenos Aires, Argentina"
cristiandevel,"La Serena, Provincia de Elqui, Regi√≥n de Coquimbo, Chile"
RosaCarmen85,"Ciudad de M√©xico, Cuauht√©moc, Ciudad de M√©xico, 06060, M√©xico"
Carlos_EOrozco,"Victoria, Tampico, Tamaulipas, 89080, M√©xico"
Brayan_CastroG,"San Crist√≥bal, Rep√∫blica Dominicana"
Faran341,"Bogot√°, Distrito Capital de Bogot√°, 110321, Colombia"
Mario_paintball,"Barcelona, Barcelon√®s, Barcelona, Catalunya, Espa√±a"
cleytonza,"Queensland, Australia"
stifler31,"Maldonado, 20000, Uruguay"
eltribuno,"Salta, Argentina"
LP_Monde,"Montr√©al, Agglom√©ration de Montr√©al, Montr√©al (06), Qu√©bec, Canada"
maduradascom,"Caracas, Municipio Libertador, Distrito Capital, Regi√≥n Capital, 1010-A, Venezuela"
FERDIDURKE1,Argentina
El_Cooperante,"Caracas, Municipio Libertador, Distrito Capital, Regi√≥n Capital, 1010-A, Venezuela"
rickychourio,"Miami, Miami-Dade County, Florida, United States of America"
lasillarota,"Ciudad de M√©xico, Cuauht√©moc, Ciudad de M√©xico, 06060, M√©xico"
mjavi_07,"Val√®ncia, Comarca de Val√®ncia, Val√®ncia / Valencia, Comunitat Valenciana, Espa√±a"
dariomolina954,"Maracaibo, Municipio Maracaibo, Zulia, 4001, Venezuela"
leningavi,"Madrid, √Årea metropolitana de Madrid y Corredor del Henares, Comunidad de Madrid, 28001, Espa√±a"
ChilePlutocrata,"Recoleta, Buenos Aires, Ciudad Aut√≥noma de Buenos Aires, Argentina"
foodmsquared,"Sacramento, Sacramento County, California, United States"
omar_1208,"Tlaxcala, M√©xico"
QPEV_,"Caracas, Municipio Libertador, Distrito Capital, Regi√≥n Capital, 1010-A, Venezuela"
vozmichoacan,"Morelia, Michoac√°n de Ocampo, 58000, M√©xico"
DiarioNorteCom,"Resistencia, Departamento San Fernando, Chaco, Argentina"
RENETORRESB,"Bogot√°, Distrito Capital de Bogot√°, 110321, Colombia"
aaronssio,"Mar del Plata, Partido de General Pueyrred√≥n, Buenos Aires, Argentina"
ochho88,"Redwood City, San Mateo County, California, United States of America"
BrunoVelarde4,"Santa Catarina, Regi√£o Sul, Brasil"
MariaPa62106813,"S√£o Paulo, Regi√£o Imediata de S√£o Paulo, Regi√£o Metropolitana de S√£o Paulo, Regi√£o Intermedi√°ria de S√£o Paulo, S√£o Paulo, Regi√£o Sudeste, Brasil"
luisgonzalezrau,"Buenos Aires, Ciudad Aut√≥noma de Buenos Aires, Argentina"
arseniop99,"Quito, Pichincha, 17041, Ecuador"
8_morning,"Samborondon, San Jacinto de Yaguachi, Guayas, 092104, Ecuador"
ragmancircular,"Guadalajara, Jalisco, 44360, M√©xico"
jhonnywindproof,"Bogot√°, Distrito Capital de Bogot√°, 110321, Colombia"
sembramostodos,"Maracay, Municipio Girardot, Aragua, 2104, Venezuela"
OraleQChiquito,"Durango, M√©xico"
kaisamo,"Freiland bei Deutschlandsberg, Deutschlandsberg, Steiermark, √ñsterreich"
JuanJoseGuevara,"Florida, United States of America"
Fredy8142Fredy,"Santiago de Cali, Per√≠metro Urbano Santiago de Cali, Cali, Valle del Cauca, 760044, Colombia"
DelgadoDamar,"M√©rida, Badajoz, Extremadura, 06800, Espa√±a"
BrunoVelarde4,"Santa Catarina, Regi√£o Sul, Brasil"
JuanJoseGuevara,"Florida, United States of America"
Erac1973,"Neiva, Huila, Colombia"
Chiripo_31,"Distrito Capital, Colombia"
Fredy8142Fredy,"Santiago de Cali, Per√≠metro Urbano Santiago de Cali, Cali, Valle del Cauca, 760044, Colombia"
Chiripo_31,"Distrito Capital, Colombia"
pedrorafa62,"Distrito Capital, Colombia"
edithfalcon,"Monterrey, Nuevo Le√≥n, M√©xico"
jotamoreno26,"Acac√≠as, Meta, 507001, Colombia"
Globalmediamx,"San Luis Potos√≠, M√©xico"
kilbor,"Montevideo, Uruguay"
Elperiodiquito,"Maracay, Municipio Girardot, Aragua, 2104, Venezuela"
pewterschmidtXI,"Wagga Wagga City Council, New South Wales, Australia"
PatValim1,El Salvador
h_trujillo1226,"Neiva, Huila, Colombia"
BrunoVelarde4,"Santa Catarina, Regi√£o Sul, Brasil"
caramayoarce,"Santa Cruz, Argentina"
FranInMountains,"Buenos Aires, Ciudad Aut√≥noma de Buenos Aires, Argentina"
EDICSSONV,"Bogot√°, Distrito Capital de Bogot√°, 110321, Colombia"
CorreodelCaroni,"Ciudad Guayana, Parroquia Cachamay, Distrito Caron√≠, Bol√≠var, Venezuela"
CintiaFiguero,"Buenos Aires, Ciudad Aut√≥noma de Buenos Aires, Argentina"
luisgarciat2010,"Caracas, Municipio Libertador, Distrito Capital, Regi√≥n Capital, 1010-A, Venezuela"
JuanManuelEraz4,"Pasto, Nari√±o, 520000, Colombia"
valerage,Venezuela
jptipnis,"Tarija, Bolivia"
noticias24,"Caracas, Municipio Libertador, Distrito Capital, Regi√≥n Capital, 1010-A, Venezuela"
EleuterioSani,"Empalme, Sonora, M√©xico"
duquevan,"Bogot√°, Distrito Capital de Bogot√°, 110321, Colombia"
SemanarioTV_C8,"C√≥rdoba, Andaluc√≠a, Espa√±a"
EdwTBrennan,"Las Vegas, Clark County, Nevada, United States of America"
javidalber,Venezuela
juancarloj,"Santa Cruz, Argentina"
ombatres,"San Salvador, Departamento de San Salvador, CP-1101, Rep√∫blica de El Salvador"
surlopez,"La Paz, Provincia Pedro Domingo Murillo, La Paz, Bolivia"
PAMEVERASTEGUI,"Chiclayo, Lambayeque, Per√∫"
Sie7edeChiapas,"Tuxtla Guti√©rrez, Chiapas, 29000, M√©xico"
Jaugustod1,"Zona Sul, Sede, S√£o Gabriel, Regi√£o Geogr√°fica Imediata de Santana do Livramento, Regi√£o Geogr√°fica Intermedi√°ria de Uruguaiana, Rio Grande do Sul, Regi√£o Sul, Brasil"
DarkMagician_7,"Mystic Falls, Mystic Falls Trail, Teton County, Wyoming, United States of America"
Nicofinanciero,"Buenos Aires, Ciudad Aut√≥noma de Buenos Aires, Argentina"
ODevia,"Bogot√°, Distrito Capital de Bogot√°, 110321, Colombia"
alexiss09616554,"Val√®ncia, Comarca de Val√®ncia, Val√®ncia / Valencia, Comunitat Valenciana, Espa√±a"
DeBayamo,"Bayamo, Granma, 85300, Cuba"
Andresnqn,"Neuqu√©n, Argentina"
El_Cooperante,"Caracas, Municipio Libertador, Distrito Capital, Regi√≥n Capital, 1010-A, Venezuela"
cparedesr,"Lima, Peru"
melaniatorrico,"La Paz, Provincia Pedro Domingo Murillo, La Paz, Bolivia"
francod59396352,"Quito, Pichincha, 17041, Ecuador"
claudiamacip,"Puebla, M√©xico"
LukasPipo,"Cochabamba, Kanata, Cercado, Cochabamba, Bolivia"
ecosocialistas,"De Valencia, Praderas del Sur, Villas de Santa Teresa, Durango, 34139, M√©xico"
mlnangalama,"New Brunswick, Canada"
elpresi_1,"City of Melbourne, Victoria, Australia"
elpresi_1,"City of Melbourne, Victoria, Australia"
NapoleonCampos,"Ciudad de Guatemala, Guatemala"
DolarToday,"Caracas, Municipio Libertador, Distrito Capital, Regi√≥n Capital, 1010-A, Venezuela"
zupermanofsteel,"Jalisco, M√©xico"
ElSuresteMx,"Chiapas, M√©xico"
Gustavo600,"Maracay, Municipio Girardot, Aragua, 2104, Venezuela"
Class987FM,"San Carlos, Oriente, Antioquia, Colombia"
DiarioPE,"Recife, Microrregi√£o de Recife, Regi√£o Metropolitana de Recife, Mesorregi√£o Metropolitana de Recife, Pernambuco, Regi√£o Nordeste, Brasil"
soyjespada,"La Paz, Provincia Pedro Domingo Murillo, La Paz, Bolivia"
AgroUAMX,"Benito Ju√°rez, Veracruz de Ignacio de la Llave, M√©xico"
Mponceortiz1981,"Camiri, Provincia Cordillera, Santa Cruz, Bolivia"
monicaromanomd,"Distrito Federal, Regi√£o Centro-Oeste, Brasil"
Chavez200Comite,"San Jose, Santa Clara County, California, United States of America"
aprudencio,"La Paz, Provincia Pedro Domingo Murillo, La Paz, Bolivia"
Enki_da_Gamma,"La Paz, Provincia Pedro Domingo Murillo, La Paz, Bolivia"
tabarefernandez,"Pilar, Surigao Del Norte, Caraga, 8420, Philippines"
bibianusky,"Costa Brava, Praia do Norte, Horta, Faial, A√ßores, 9900-472, Portugal"
Luis_Feeney_C,"Santa Cruz, Argentina"
marcotulioaa,"Texcoco, Estado de M√©xico, M√©xico"
BloEmilio,"Concepci√≥n, Provincia de Concepci√≥n, Regi√≥n del Biob√≠o, Chile"
RafaelRiveraMe8,"Ciudad Madero, Tamaulipas, M√©xico"
CG_2020,"Ciudad de M√©xico, Cuauht√©moc, Ciudad de M√©xico, 06060, M√©xico"
ArturoMoralesV,"Quer√©taro, M√©xico"
fallaElectricas,"Boston, Suffolk County, Massachusetts, United States of America"
wilimessi2012,"Puerto Escondido, San Pedro Mixtepec, Oaxaca, 71800, M√©xico"
MrMignotLaurent,"√âvreux, Eure, Normandie, France m√©tropolitaine, 27000, France"
DanysJD,"La Paz, Provincia Pedro Domingo Murillo, La Paz, Bolivia"
CG_2020,"Ciudad de M√©xico, Cuauht√©moc, Ciudad de M√©xico, 06060, M√©xico"
ellauchonviale,"Êù±‰∫¨ÈÉΩ, Èñ¢Êù±Âú∞Êñπ, Êó•Êú¨ (Japan)"
akntov,"Puebla, M√©xico"
cesamo70,"Culiac√°n, Sinaloa, 80200, M√©xico"
MiguelSan0001,"Quito, Pichincha, 17041, Ecuador"
jjiimmoo88,"Puebla, M√©xico"
fotoluismora,"Guayaquil, Guayas, Ecuador"
OrochenaGarcia,"Managua, Managua (Municipio), Departamento de Managua, 10000 (CODIGO MAESTRO), Nicaragua"
AndreRicBrasil,"S√£o Paulo, Regi√£o Imediata de S√£o Paulo, Regi√£o Metropolitana de S√£o Paulo, Regi√£o Intermedi√°ria de S√£o Paulo, S√£o Paulo, Regi√£o Sudeste, Brasil"
JacquelinePSUV,"Caracas, Municipio Libertador, Distrito Capital, Regi√≥n Capital, 1010-A, Venezuela"
CG_2020,"Ciudad de M√©xico, Cuauht√©moc, Ciudad de M√©xico, 06060, M√©xico"
allaround2012,"Miami, Miami-Dade County, Florida, United States of America"
Jose_L_Vacaflor,"La Paz, Provincia Pedro Domingo Murillo, La Paz, Bolivia"
gatovillegas,"La Paz, Provincia Pedro Domingo Murillo, La Paz, Bolivia"
crypticvalentin,"Washington, District of Columbia, 20500, United States of America"
MenCar1920,"√Ålvaro Obreg√≥n, Ciudad de M√©xico, M√©xico"
delibertador,"Val√®ncia, Comarca de Val√®ncia, Val√®ncia / Valencia, Comunitat Valenciana, Espa√±a"
sofyvaldivia,"Oaxaca, M√©xico"
CG_2020,"Ciudad de M√©xico, Cuauht√©moc, Ciudad de M√©xico, 06060, M√©xico"
JuanPuebloLibre,"San Carlos, Oriente, Antioquia, Colombia"
AgroUAMX,"Benito Ju√°rez, Veracruz de Ignacio de la Llave, M√©xico"
jm1yr,"San Luis Potos√≠, M√©xico"
makimelendez,"Puebla, M√©xico"
maduradascom,"Caracas, Municipio Libertador, Distrito Capital, Regi√≥n Capital, 1010-A, Venezuela"
GinaRiveraL,"Manab√≠, Ecuador"
alinabeas,"Guadalajara, Jalisco, 44360, M√©xico"
VersionFinal,"Maracaibo, Municipio Maracaibo, Zulia, 4001, Venezuela"
terreforever,"Chaco, Argentina"
MemoDylan,"Fuengirola, M√°laga, Andaluc√≠a, Espa√±a"
FelixIdelfonso,"Centre-Val de Loire, France m√©tropolitaine, France"
AgroUAMX,"Benito Ju√°rez, Veracruz de Ignacio de la Llave, M√©xico"
CG_2020,"Ciudad de M√©xico, Cuauht√©moc, Ciudad de M√©xico, 06060, M√©xico"
mpayro48,"Tlalpan, Ciudad de M√©xico, M√©xico"
pablo_vargas_b,"Santiago de Quer√©taro, Municipio de Quer√©taro, Quer√©taro, M√©xico"
castilloarangel,"Panama City, Bay County, Florida, United States"
diazsimonjm,"Ciudad de M√©xico, Cuauht√©moc, Ciudad de M√©xico, 06060, M√©xico"
m_a_monzon,"Sucre, Provincia Oropeza, Chuquisaca, 9999, Bolivia"
gabrielacuna12,"Tijuana, Municipio de Tijuana, Baja California, 22105, M√©xico"
ATodoMomento_,"Caracas, Municipio Libertador, Distrito Capital, Regi√≥n Capital, 1010-A, Venezuela"
MemoDylan,"Fuengirola, M√°laga, Andaluc√≠a, Espa√±a"
MGonzalezIbarra,"Nayarit, M√©xico"
CG_2020,"Ciudad de M√©xico, Cuauht√©moc, Ciudad de M√©xico, 06060, M√©xico"
ismaelcr1974,"Guadalajara, Jalisco, 44360, M√©xico"
SrgioBrasileir1,"Jundia√≠, Regi√£o Imediata de Jundia√≠, Regi√£o Intermedi√°ria de Campinas, S√£o Paulo, Regi√£o Sudeste, Brasil"
ReporteActivo,"Comunidad de Madrid, Espa√±a"
K4M1Sh1R0,"Santa Cruz, Argentina"
marcelobarrero,"La Paz, Provincia Pedro Domingo Murillo, La Paz, Bolivia"
cocando,"Miami, Miami-Dade County, Florida, United States of America"
AguilaTezanos,Bolivia
AlvarezPerret,"Buenos Aires, Ciudad Aut√≥noma de Buenos Aires, Argentina"
Cjvs12,"Guayaquil, Guayas, Ecuador"
DatoAlMinuto,"Comunidad de Madrid, Espa√±a"
MendezDyana,"Santa Cruz, Argentina"
InfoTextual,"Comunidad de Madrid, Espa√±a"
oswal_rivera,"Bucaramanga, Santander, 680005, Colombia"
ponchosiqueiros,"Ensenada, Baja California, M√©xico"
Datos365,"Comunidad de Madrid, Espa√±a"
Ciudadano741,"Ciudad de M√©xico, Cuauht√©moc, Ciudad de M√©xico, 06060, M√©xico"
LaPublicacion,"Madrid, √Årea metropolitana de Madrid y Corredor del Henares, Comunidad de Madrid, 28001, Espa√±a"
LicoMaldo97,"San Isidro, Partido de San Isidro, Buenos Aires, Argentina"
AMSD1964,"Caracas, Municipio Libertador, Distrito Capital, Regi√≥n Capital, 1010-A, Venezuela"
ExtraVzla,"Caracas, Municipio Libertador, Distrito Capital, Regi√≥n Capital, 1010-A, Venezuela"
MCristinaAReis,"Santa Cruz de la Sierra, Provincia Andr√©s Ib√°√±ez, Santa Cruz, 3212, Bolivia"
eseeldaewo,"Paris, √éle-de-France, France m√©tropolitaine, France"
evemerrysp,"Santa Cruz de la Sierra, Provincia Andr√©s Ib√°√±ez, Santa Cruz, 3212, Bolivia"
Mision_Verdad,"Caracas, Municipio Libertador, Distrito Capital, Regi√≥n Capital, 1010-A, Venezuela"
marcosarellano,"Orem, Utah County, Utah, United States"
TheLatinVote,"Baton Rouge, East Baton Rouge Parish, Louisiana, United States"
InterDifusion,"Comunidad de Madrid, Espa√±a"
JuanManuelEraz4,"Pasto, Nari√±o, 520000, Colombia"
DavidPi34759843,"Washington, District of Columbia, 20500, United States of America"
ExtraVzla,"Caracas, Municipio Libertador, Distrito Capital, Regi√≥n Capital, 1010-A, Venezuela"
chileno1001,"Mundo, Sumatera Selatan, Indonesia"
chileno1001,"Mundo, Sumatera Selatan, Indonesia"
CFdezJau,"Madrid, √Årea metropolitana de Madrid y Corredor del Henares, Comunidad de Madrid, 28001, Espa√±a"
daniela_cadario,"S√£o Paulo, Regi√£o Imediata de S√£o Paulo, Regi√£o Metropolitana de S√£o Paulo, Regi√£o Intermedi√°ria de S√£o Paulo, S√£o Paulo, Regi√£o Sudeste, Brasil"
noticiaaldia,"Maracaibo, Municipio Maracaibo, Zulia, 4001, Venezuela"
EsDiarioPopular,"Tuxtla Guti√©rrez, Chiapas, 29000, M√©xico"
bieinoticias,"Buenos Aires, Ciudad Aut√≥noma de Buenos Aires, Argentina"
ArmandoInfo,"Caracas, Municipio Libertador, Distrito Capital, Regi√≥n Capital, 1010-A, Venezuela"
ClarisaCla1,"La Plata, Partido de La Plata, Buenos Aires, Argentina"
fferrdan,"Nayarit, M√©xico"
GacetaMadrid,"Comunidad de Madrid, Espa√±a"
dolea6,"Distrito Federal, Regi√£o Centro-Oeste, Brasil"
Luna29119375,"Santa Cruz, Argentina"
MaryToni2015,"Naucalpan, Naucalpan de Ju√°rez, Estado de M√©xico, 53580, M√©xico"
Gladys50181135,"San Juan de Los Morros, Distrito Roscio, Gu√°rico, 2312, Venezuela"
Fernandosotop,"Santo Domingo, Santo Domingo De Guzm√°n, Distrito Nacional, 10129, Rep√∫blica Dominicana"
Luna29119375,"Santa Cruz, Argentina"
LeanArantes1980,"Rio de Janeiro, Microrregi√£o Rio de Janeiro, Regi√£o Metropolitana do Rio de Janeiro, Rio de Janeiro, Regi√£o Sudeste, Brasil"
mjasmin2051,"Caracas, Municipio Libertador, Distrito Capital, Regi√≥n Capital, 1010-A, Venezuela"
ArellaProano,"Guayaquil, Guayas, Ecuador"
ponchosiqueiros,"Ensenada, Baja California, M√©xico"
GatolBolivia,"La Paz, Provincia Pedro Domingo Murillo, La Paz, Bolivia"
AguilaTezanos,Bolivia
PortaManola,"Rosario, Municipio de Rosario, Departamento Rosario, Santa Fe, S2000, Argentina"
alej_AJ,"Santa Cruz, Argentina"
Fiabiana123,"Wisconsin, United States of America"
FatimaMolina,"La Paz, Provincia Pedro Domingo Murillo, La Paz, Bolivia"
LuisCor95359281,"Tijuana, Municipio de Tijuana, Baja California, 22105, M√©xico"
teleamazonasec,"Quito, Pichincha, 17041, Ecuador"
mariajcamachoe,"Buenos Aires, Ciudad Aut√≥noma de Buenos Aires, Argentina"
BoliviaMagus,"Santa Cruz de la Sierra, Provincia Andr√©s Ib√°√±ez, Santa Cruz, 3212, Bolivia"
FelipeRamrezUc1,"Benito Ju√°rez, Veracruz de Ignacio de la Llave, M√©xico"
EstebanLuceroV,"Quito, Pichincha, 17041, Ecuador"
BoliviaMagus,"Santa Cruz de la Sierra, Provincia Andr√©s Ib√°√±ez, Santa Cruz, 3212, Bolivia"
paulofreres,"S√£o Paulo, Regi√£o Imediata de S√£o Paulo, Regi√£o Metropolitana de S√£o Paulo, Regi√£o Intermedi√°ria de S√£o Paulo, S√£o Paulo, Regi√£o Sudeste, Brasil"
Cristian_nph,"Patagonia, Departamento R√≠o Senguer, Chubut, Argentina"
JuanHumbertoSa9,"Santa Cruz, Argentina"
chileno1001,"Mundo, Sumatera Selatan, Indonesia"
alej_AJ,"Santa Cruz, Argentina"
DolarToday,"Caracas, Municipio Libertador, Distrito Capital, Regi√≥n Capital, 1010-A, Venezuela"
TuitSugerido,"Comunidad de Madrid, Espa√±a"
ProEditores,"Comunidad de Madrid, Espa√±a"
King_Quico,"Rurrenabaque, Provincia del General Jos√© Ballivi√°n Segurola, El Beni, Bolivia"
37dukes81,"Quito, Pichincha, 17041, Ecuador"
TuitSugerido,"Comunidad de Madrid, Espa√±a"
inglaof,"Culiac√°n, Sinaloa, 80200, M√©xico"
CLICMODO,"Comunidad de Madrid, Espa√±a"
NevikBelial,"La Paz, Provincia Pedro Domingo Murillo, La Paz, Bolivia"
FellenMortos,"Playas de Rosarito, Baja California, M√©xico"
grazianopascale,"Montevideo, Uruguay"
SraGaby1,"Buenos Aires, Ciudad Aut√≥noma de Buenos Aires, Argentina"
Rockie399,"Cochabamba, Kanata, Cercado, Cochabamba, Bolivia"
Rockie399,"Cochabamba, Kanata, Cercado, Cochabamba, Bolivia"
anth0nyo,"Some Where, ÿ¥ÿßÿ±ÿπ 34, Port Saeed, ÿØÿ®Ÿä, ÿØÿ®Ÿä‚Äé, 22542, ÿßŸÑÿ•ŸÖÿßÿ±ÿßÿ™ ÿßŸÑÿπÿ±ÿ®Ÿäÿ© ÿßŸÑŸÖÿ™ÿ≠ÿØÿ©"
Wallychoo,"Buenos Aires, Ciudad Aut√≥noma de Buenos Aires, Argentina"
GaboCamacho1,"Zapopan, Jalisco, 45129, M√©xico"
Kat82102988,"Barcelona, Barcelon√®s, Barcelona, Catalunya, Espa√±a"
Marisa_del_63,"Centro Recreativo - C√≠rculo Policial Pcia. Bs. As., Aldea Romana, Bah√≠a Blanca, Partido de Bah√≠a Blanca, Buenos Aires, Argentina"
venezuelanwiza1,"Caracas, Municipio Libertador, Distrito Capital, Regi√≥n Capital, 1010-A, Venezuela"
MonaguilloC,"San Mart√≠n de la Vega, Las Vegas, Comunidad de Madrid, 28330, Espa√±a"
heeernnan,"Ituzaing√≥, Centro, Oncativo, Municipio de Oncativo, Pedan√≠a Impira, Departamento R√≠o Segundo, C√≥rdoba, X5987, Argentina"
DalmaCuellar,"Tarija, Bolivia"
HoracioMRM,"Tucum√°n, Argentina"
MolaSoy,"Ciudad de M√©xico, Cuauht√©moc, Ciudad de M√©xico, 06060, M√©xico"
cosmikunico,"West New York, Hudson County, New Jersey, United States of America"
hermanazazo,"Zacatecas, M√©xico"
Mpp_949,"Buenos Aires, Ciudad Aut√≥noma de Buenos Aires, Argentina"
erickalgo,"Cuauht√©moc, Ciudad de M√©xico, M√©xico"
venezuelanwiza1,"Caracas, Municipio Libertador, Distrito Capital, Regi√≥n Capital, 1010-A, Venezuela"
Mpp_949,"Buenos Aires, Ciudad Aut√≥noma de Buenos Aires, Argentina"
animozitizomina,"S√£o Paulo, Regi√£o Imediata de S√£o Paulo, Regi√£o Metropolitana de S√£o Paulo, Regi√£o Intermedi√°ria de S√£o Paulo, S√£o Paulo, Regi√£o Sudeste, Brasil"
Gracie21F,"Potos√≠, Bolivia"
Tonymcmorales,"Napa, Napa County, California, United States"
new_spanish,"Tampa, Hillsborough County, Florida, United States of America"
GersonUmanzor5,"Maryland, United States of America"
pprudencio,"Toronto, Golden Horseshoe, Ontario, M6K 1X9, Canada"
venezuelanwiza1,"Caracas, Municipio Libertador, Distrito Capital, Regi√≥n Capital, 1010-A, Venezuela"
TantaleanEdward,"Chachapoyas, San Isidro de Maino, Chachapoyas, Amazonas, Per√∫"
OroDeLey,"Distrito Federal, Regi√£o Centro-Oeste, Brasil"
ArizonaNoticias,"Arizona, United States of America"
PanAmPost_es,"Miami, Miami-Dade County, Florida, United States of America"
pmigoya,"Puebla, M√©xico"
RaquelBruno2,"Bluffton, Wells County, Indiana, 46714, United States"
animozitizomina,"S√£o Paulo, Regi√£o Imediata de S√£o Paulo, Regi√£o Metropolitana de S√£o Paulo, Regi√£o Intermedi√°ria de S√£o Paulo, S√£o Paulo, Regi√£o Sudeste, Brasil"
JafedDom,"ÿßŸÑŸÇÿßŸáÿ±ÿ©, ŸÖÿ≠ÿßŸÅÿ∏ÿ© ÿßŸÑŸÇÿßŸáÿ±ÿ©, Egypt / ŸÖÿµÿ±"
Nikovolks1,"Puebla, M√©xico"
Salazar1085,"Mazatl√°n, Sinaloa, 82000, M√©xico"
MeDicenElJose,"La Paz, Provincia Pedro Domingo Murillo, La Paz, Bolivia"
carolin83726243,"Florida, United States of America"
BurguesaReggina,"Mar del Plata, Partido de General Pueyrred√≥n, Buenos Aires, Argentina"
fgonzalez408,"–ß–µ—Ä–µ–ø–æ–≤–µ—Ü, –≥–æ—Ä–æ–¥—Å–∫–æ–π –æ–∫—Ä—É–≥ –ß–µ—Ä–µ–ø–æ–≤–µ—Ü, –í–æ–ª–æ–≥–æ–¥—Å–∫–∞—è –æ–±–ª–∞—Å—Ç—å, –°–µ–≤–µ—Ä–æ-–ó–∞–ø–∞–¥–Ω—ã–π —Ñ–µ–¥–µ—Ä–∞–ª—å–Ω—ã–π –æ–∫—Ä—É–≥, 162600, –†–æ—Å—Å–∏—è"
javilaol,"Santa Cruz de la Sierra, Provincia Andr√©s Ib√°√±ez, Santa Cruz, 3212, Bolivia"
Nikovolks1,"Puebla, M√©xico"
Santiag95538108,"Buenos Aires, Ciudad Aut√≥noma de Buenos Aires, Argentina"
Vegabolivia1,"Virginia, United States of America"
carolin83726243,"Florida, United States of America"
gaboman123,"La Paz, Provincia Pedro Domingo Murillo, La Paz, Bolivia"
Nikovolks1,"Puebla, M√©xico"
porsiempresonar,"Iztapalapa, Ciudad de M√©xico, M√©xico"
lav_arroyo,"Washington, District of Columbia, 20500, United States of America"
ExtraVzla,"Caracas, Municipio Libertador, Distrito Capital, Regi√≥n Capital, 1010-A, Venezuela"
EdgarJo00631410,"Landkreis Aichach-Friedberg, Schwaben, Bayern, Deutschland"
luarmoreno,"Puebla, M√©xico"
Wallychoo,"Buenos Aires, Ciudad Aut√≥noma de Buenos Aires, Argentina"
Nikovolks1,"Puebla, M√©xico"
patanetas,"Chimalhuac√°n, Estado de M√©xico, 56334, M√©xico"
Freddy5579,"Alaska, United States of America"
StephanWurth,"Santa Cruz, Argentina"
iotti_paolo,"La Paz, Provincia Pedro Domingo Murillo, La Paz, Bolivia"
lmariacarvalho,Brasil
poirene,"Ciudad de M√©xico, Cuauht√©moc, Ciudad de M√©xico, 06060, M√©xico"
AndreaAmandaVa1,"La Paz, Provincia Pedro Domingo Murillo, La Paz, Bolivia"
kratospaualeo,"New York, United States of America"
MFSaucedo01,"Santa Cruz, Argentina"
Wallychoo,"Buenos Aires, Ciudad Aut√≥noma de Buenos Aires, Argentina"
UfoFaunamania,"La Paz, Provincia Pedro Domingo Murillo, La Paz, Bolivia"
roxanaorguelt,"Bogot√°, Distrito Capital de Bogot√°, 110321, Colombia"
Paitorua11,"Rio de Janeiro, Microrregi√£o Rio de Janeiro, Regi√£o Metropolitana do Rio de Janeiro, Rio de Janeiro, Regi√£o Sudeste, Brasil"
cierrehem,"Ciudad de M√©xico, Cuauht√©moc, Ciudad de M√©xico, 06060, M√©xico"
Wallychoo,"Buenos Aires, Ciudad Aut√≥noma de Buenos Aires, Argentina"
MFSaucedo01,"Santa Cruz, Argentina"
new_spanish,"Tampa, Hillsborough County, Florida, United States of America"
gloriaantelo,"Santa Cruz, Argentina"
SabanAlejandro,"Puerto Vallarta, Jalisco, 48300, M√©xico"
heeernnan,"Ituzaing√≥, Centro, Oncativo, Municipio de Oncativo, Pedan√≠a Impira, Departamento R√≠o Segundo, C√≥rdoba, X5987, Argentina"
gustyxp,"Buenos Aires, Ciudad Aut√≥noma de Buenos Aires, Argentina"
AlfredoVenturaB,"La Esperanza, Quetzaltenango, Guatemala"
Saavedra_F,"Las Cumbres, Maldonado, 20000, Uruguay"
marcosarellano,"Orem, Utah County, Utah, United States"
miguelrospe,"Guadalajara, Jalisco, 44360, M√©xico"
bbcmundo,"London, Greater London, England, SW1A 2DX, United Kingdom"
MarielH04389843,"Santa Cruz, Argentina"
guimerllano,Bolivia
Americopp,"California, United States of America"
pablo_cassab,"Tarija, Bolivia"
EUSTAQUIODOSANT,"Miami, Miami-Dade County, Florida, United States of America"
hugo_010,"Villahermosa, Campo de Montiel, Ciudad Real, Castilla-La Mancha, Espa√±a"
EfrenRocaA,"Guayaquil, Guayas, Ecuador"
Caliche_Carlo,"California, United States of America"
informador_INT,"Guadalajara, Jalisco, 44360, M√©xico"
pacomarmol22,"Badalona, Barcelon√®s, Barcelona, Catalunya, Espa√±a"
markbsas,"Buenos Aires, Ciudad Aut√≥noma de Buenos Aires, Argentina"
luisrodriguezrm,"Tigre, Partido de Tigre, Buenos Aires, Argentina"
GobernantesVer,"Xalapa, Veracruz de Ignacio de la Llave, 91170, M√©xico"
Pompeyo_X,"Bilbao, Bilboaldea, Bizkaia, Euskadi, Espa√±a"
JoeSalazarMtz,"G√≥mez Palacio, Durango, 35000, M√©xico"
GobernantesVer,"Xalapa, Veracruz de Ignacio de la Llave, 91170, M√©xico"
AlfredoVenturaB,"La Esperanza, Quetzaltenango, Guatemala"
7dadefe81b2d42f,"La Plata, Partido de La Plata, Buenos Aires, Argentina"
andresortiztdd,"Trinidad, Las Animas County, Colorado, 81082, United States"
Humbert42024422,"Le√≥n, Castilla y Le√≥n, Espa√±a"
CoraDeFernandez,"Buenos Aires, Ciudad Aut√≥noma de Buenos Aires, Argentina"
AlfonzoVASQUEZ7,"Utah, United States"
SIPSE,"M√©rida, Badajoz, Extremadura, 06800, Espa√±a"
daviid_diego,"Piazza 80¬∞ Fanteria, Fiera-Catena, Mantova, Lombardia, Italia"
MANUELJOSESOTO2,"Asunci√≥n, Distrito Capital de Paraguay, Regi√≥n Oriental, 1301, Paraguay"
elsoldepuebla1,"Puebla, M√©xico"
NicmerEvans,"Caracas, Municipio Libertador, Distrito Capital, Regi√≥n Capital, 1010-A, Venezuela"
AlfredoVenturaB,"La Esperanza, Quetzaltenango, Guatemala"
idlebystander,"D√ºsseldorf, Regierungsbezirk D√ºsseldorf, Nordrhein-Westfalen, 40213, Deutschland"
PausaMx,"Chihuahua, M√©xico"
taboamerino,"Matanzas, 73000, Cuba"
maduradascom,"Caracas, Municipio Libertador, Distrito Capital, Regi√≥n Capital, 1010-A, Venezuela"
andfer18,"La Paz, Provincia Pedro Domingo Murillo, La Paz, Bolivia"
FundacionMaat,"La Rioja, Espa√±a"
ChrisMedCam,"Santa Cruz, Argentina"
melany_miranda_,"La Paz, Provincia Pedro Domingo Murillo, La Paz, Bolivia"
luisrodriguezrm,"Tigre, Partido de Tigre, Buenos Aires, Argentina"
rodrigoAliaga25,"Santiago, Cant√≥n Para√≠so, Provincia Cartago, 30202, Costa Rica"
melany_miranda_,"La Paz, Provincia Pedro Domingo Murillo, La Paz, Bolivia"
Grace19Whitman,"Buenos Aires, Ciudad Aut√≥noma de Buenos Aires, Argentina"
DodAM78144074,"La Paz, Provincia Pedro Domingo Murillo, La Paz, Bolivia"
melany_miranda_,"La Paz, Provincia Pedro Domingo Murillo, La Paz, Bolivia"
elciudadanoweb,"Rosario, Municipio de Rosario, Departamento Rosario, Santa Fe, S2000, Argentina"
SrJohn34,"Sucre, Provincia Oropeza, Chuquisaca, 9999, Bolivia"
turylevy,"Oakland, Alameda County, California, United States of America"
pauloavas,"Para√≠ba, Regi√£o Nordeste, Brasil"
melany_miranda_,"La Paz, Provincia Pedro Domingo Murillo, La Paz, Bolivia"
Marco01696871,"Santos, Regi√£o Imediata de Santos, Regi√£o Metropolitana da Baixada Santista, Regi√£o Intermedi√°ria de S√£o Paulo, S√£o Paulo, Regi√£o Sudeste, Brasil"
adiazpi,"Ciudad de M√©xico, Cuauht√©moc, Ciudad de M√©xico, 06060, M√©xico"
MANUELJOSESOTO2,"Asunci√≥n, Distrito Capital de Paraguay, Regi√≥n Oriental, 1301, Paraguay"
pagina_siete,"La Paz, Provincia Pedro Domingo Murillo, La Paz, Bolivia"
MarianaGaillard,"La Paz, Provincia Pedro Domingo Murillo, La Paz, Bolivia"
veropereznnd,"La Paz, Provincia Pedro Domingo Murillo, La Paz, Bolivia"
NewsweekEspanol,"Ciudad de M√©xico, Cuauht√©moc, Ciudad de M√©xico, 06060, M√©xico"
FogodoEon,"Bahia, Regi√£o Nordeste, Brasil"
insuasti90,Ecuador
owlfix,El Salvador
v_zilber,"Hannover, Region Hannover, Niedersachsen, Deutschland"
el_misae,Rep√∫blica Dominicana
TaisCruzjotalip,"Rio de Janeiro, Microrregi√£o Rio de Janeiro, Regi√£o Metropolitana do Rio de Janeiro, Rio de Janeiro, Regi√£o Sudeste, Brasil"
Urquhart20,"Madrid, √Årea metropolitana de Madrid y Corredor del Henares, Comunidad de Madrid, 28001, Espa√±a"
AExplorador,"Playa Dominicalito, Carretera Pac√≠fica Fern√°ndez Oreamuno, Dominical, Bah√≠a Ballena, Cant√≥n Osa, Provincia Puntarenas, 60504, Costa Rica"
2dosbases,"Santa Rosa, Guatemala"
melany_miranda_,"La Paz, Provincia Pedro Domingo Murillo, La Paz, Bolivia"
robinsnoticias,"Bothell, King County, Washington, United States"
AlfredoVenturaB,"La Esperanza, Quetzaltenango, Guatemala"
gomezfdavid,"Madrid, √Årea metropolitana de Madrid y Corredor del Henares, Comunidad de Madrid, 28001, Espa√±a"
GoniCab,"Miramar, Broward County, Florida, United States"
Avila2005C1,"Caracas, Municipio Libertador, Distrito Capital, Regi√≥n Capital, 1010-A, Venezuela"
emandeb,"Jun√≠n, Peru"
melany_miranda_,"La Paz, Provincia Pedro Domingo Murillo, La Paz, Bolivia"
melany_miranda_,"La Paz, Provincia Pedro Domingo Murillo, La Paz, Bolivia"
Alrende,Brasil
yo_gringoloco,"La Paz, Provincia Pedro Domingo Murillo, La Paz, Bolivia"
Hugh__L,"Rosario, Municipio de Rosario, Departamento Rosario, Santa Fe, S2000, Argentina"
saragonit,"Santa Cruz, Argentina"
hoydiacordoba,"C√≥rdoba, Andaluc√≠a, Espa√±a"
teleamazonasec,"Quito, Pichincha, 17041, Ecuador"
constantinogue,"La Serena, Provincia de Elqui, Regi√≥n de Coquimbo, Chile"
melany_miranda_,"La Paz, Provincia Pedro Domingo Murillo, La Paz, Bolivia"
LuisVillegasGom,"Cochabamba, Kanata, Cercado, Cochabamba, Bolivia"
24HorasTVN,"Santiago, Cant√≥n Para√≠so, Provincia Cartago, 30202, Costa Rica"
BoliviaEnEuropa,"Madrid, √Årea metropolitana de Madrid y Corredor del Henares, Comunidad de Madrid, 28001, Espa√±a"
AndreinamicaI,"La Plata, Partido de La Plata, Buenos Aires, Argentina"
HustonHugo,"La Paz, Provincia Pedro Domingo Murillo, La Paz, Bolivia"
mantonioesok,"Santa Cruz, Argentina"
colectiva_red,Costa Rica
lisy_ponce,"Menzingen, Zug, 6313, Schweiz/Suisse/Svizzera/Svizra"
Jose_DRY,"Oleiros, Comarca da Coru√±a, A Coru√±a, Galicia / Galiza, Espa√±a"
ElianitaBal,"Barcelona, Barcelon√®s, Barcelona, Catalunya, Espa√±a"
J_E_A_S_,"M√©xico nuevo, Miguel Hidalgo, Ciudad de M√©xico, 11260, M√©xico"
ViaCordobaOK,"C√≥rdoba, Andaluc√≠a, Espa√±a"
AlfredoVenturaB,"La Esperanza, Quetzaltenango, Guatemala"
OraleQChiquito,"Durango, M√©xico"
NotiBolGroup,"La Paz, Provincia Pedro Domingo Murillo, La Paz, Bolivia"
DiarioQro,"Quer√©taro, M√©xico"
LllMartinezz,"Caracas, Municipio Libertador, Distrito Capital, Regi√≥n Capital, 1010-A, Venezuela"
robertgarding,"Jamestown, Stutsman County, North Dakota, United States"
Ricardo98981504,"Puerto Rico, Orocovis, Puerto Rico, United States"
GraceParkerS,"Washington, District of Columbia, 20500, United States of America"
AristotletheG8,"New York, United States of America"
Expectativas01,"Comodoro Rivadavia, Departamento Escalante, Chubut, Golfo San Jorge"
FRENS_Carabobo,"Carabobo, Central, Venezuela"
Riverastro,"Guadalajara, Jalisco, 44360, M√©xico"
SolDeZamora,"Zamora, Castilla y Le√≥n, Espa√±a"
soldemorelia,"Morelia, Michoac√°n de Ocampo, 58000, M√©xico"
Mponceortiz1981,"Camiri, Provincia Cordillera, Santa Cruz, Bolivia"
fg3012cna,"Cuman√°, Municipio Sucre, Sucre, 6101, Venezuela"
Albavalderrama,"UT 10, Price, Carbon County, Utah, 84501, United States"
FHidalgoVergara,"Centro de, Avenida Constituci√≥n, Lomas del Padre, Cuajimalpa de Morelos, Ciudad de M√©xico, 05020, M√©xico"
RMENDEZC,"Maracay, Municipio Girardot, Aragua, 2104, Venezuela"
DanielLeyvaGzl,"New York, United States of America"
TalaricoDani,"S√£o Paulo, Regi√£o Imediata de S√£o Paulo, Regi√£o Metropolitana de S√£o Paulo, Regi√£o Intermedi√°ria de S√£o Paulo, S√£o Paulo, Regi√£o Sudeste, Brasil"
DanielLeyvaGzl,"New York, United States of America"
JulienRivero,"Bruxelles / Brussel, Ville de Bruxelles - Stad Brussel, Brussel-Hoofdstad - Bruxelles-Capitale, R√©gion de Bruxelles-Capitale - Brussels Hoofdstedelijk Gewest, Belgi√´ - Belgique - Belgien"
juandcartagena,"Bogot√°, Distrito Capital de Bogot√°, 110321, Colombia"
RAbujder,"Cochabamba, Kanata, Cercado, Cochabamba, Bolivia"
eltoto36,"Tampico, Tamaulipas, 89160, M√©xico"
hecnanvera,"Maracaibo, Municipio Maracaibo, Zulia, 4001, Venezuela"
patriciasalasc2,"Yucat√°n, M√©xico"
oscarbambino,"Acapulco, Acapulco de Ju√°rez, Guerrero, 39300, M√©xico"
Jmanwookie777,"Minnesota, United States of America"
carlagastal,"Campeche, M√©xico"
picarai85,"La Paz, Provincia Pedro Domingo Murillo, La Paz, Bolivia"
AguilaTezanos,Bolivia
MarilinTerra,"Falc√≥n, Regi√≥n Centroccidental, Venezuela"
MarilinTerra,"Falc√≥n, Regi√≥n Centroccidental, Venezuela"
alej_AJ,"Santa Cruz, Argentina"
SilviaHarrow,"Sydney, New South Wales, Australia"
escriboconlaizq,"Bogot√°, Distrito Capital de Bogot√°, 110321, Colombia"
seba19731,"Vicente L√≥pez, Partido de Vicente L√≥pez, Buenos Aires, Argentina"
MarilinTerra,"Falc√≥n, Regi√≥n Centroccidental, Venezuela"
SultryRobin,"La Jolla, San Diego County, California, 92037, United States"
Carlos1FHC,"S√£o Paulo, Regi√£o Imediata de S√£o Paulo, Regi√£o Metropolitana de S√£o Paulo, Regi√£o Intermedi√°ria de S√£o Paulo, S√£o Paulo, Regi√£o Sudeste, Brasil"
juanrobles_1,"La Paz, Provincia Pedro Domingo Murillo, La Paz, Bolivia"
Riverastro,"Guadalajara, Jalisco, 44360, M√©xico"
hmbrhrmg,"Aguascalientes, M√©xico"
FOLKLOmedia,"Santa Cruz, Argentina"
KattykaB,"La Paz, Provincia Pedro Domingo Murillo, La Paz, Bolivia"
juandcartagena,"Bogot√°, Distrito Capital de Bogot√°, 110321, Colombia"
MaribelNunezV,"Santo Domingo, Santo Domingo De Guzm√°n, Distrito Nacional, 10129, Rep√∫blica Dominicana"
DolarToday,"Caracas, Municipio Libertador, Distrito Capital, Regi√≥n Capital, 1010-A, Venezuela"
rlg_n,"Quito, Pichincha, 17041, Ecuador"
hecnanvera,"Maracaibo, Municipio Maracaibo, Zulia, 4001, Venezuela"
AldoJuradoX,"Tl√°huac, Ciudad de M√©xico, M√©xico"
CentroNewspaper,"Toronto, Golden Horseshoe, Ontario, M6K 1X9, Canada"
BerrezuetaOscar,"Azuay, Ecuador"
pagina_siete,"La Paz, Provincia Pedro Domingo Murillo, La Paz, Bolivia"
CesarMunoz13,"Upata, Distrito Caron√≠, Bol√≠var, 8052, Venezuela"
jguerraeq,"San Diego, San Diego County, California, United States of America"
Riverastro,"Guadalajara, Jalisco, 44360, M√©xico"
miolaoli,"S√£o Paulo, Regi√£o Imediata de S√£o Paulo, Regi√£o Metropolitana de S√£o Paulo, Regi√£o Intermedi√°ria de S√£o Paulo, S√£o Paulo, Regi√£o Sudeste, Brasil"
aquarius1hirg,"Distrito Federal, Regi√£o Centro-Oeste, Brasil"
PalczynskaAnna,"Ontario, Canada"
rlg_n,"Quito, Pichincha, 17041, Ecuador"
yendita,"Santa Cruz de la Sierra, Provincia Andr√©s Ib√°√±ez, Santa Cruz, 3212, Bolivia"
DiarioTalCual,"Caracas, Municipio Libertador, Distrito Capital, Regi√≥n Capital, 1010-A, Venezuela"
NevikBelial,"La Paz, Provincia Pedro Domingo Murillo, La Paz, Bolivia"
LuZambran,"La Paz, Provincia Pedro Domingo Murillo, La Paz, Bolivia"
MireyaJ2,"Ciudad Ojeda, Municipio Lagunillas, Zulia, 4017, Venezuela"
BerrezuetaOscar,"Azuay, Ecuador"
ojodgato,"Virginia, United States of America"
BerdaderaH,"–ú–æ—Å–∫–≤–∞, –¶–µ–Ω—Ç—Ä–∞–ª—å–Ω—ã–π –∞–¥–º–∏–Ω–∏—Å—Ç—Ä–∞—Ç–∏–≤–Ω—ã–π –æ–∫—Ä—É–≥, –ú–æ—Å–∫–≤–∞, –¶–µ–Ω—Ç—Ä–∞–ª—å–Ω—ã–π —Ñ–µ–¥–µ—Ä–∞–ª—å–Ω—ã–π –æ–∫—Ä—É–≥, –†–æ—Å—Å–∏—è"
romis58,"Guanajuato, M√©xico"
DiarioLaPrensa,"San Pedro Sula, Cort√©s, Honduras"
Riverastro,"Guadalajara, Jalisco, 44360, M√©xico"
DolarToday,"Caracas, Municipio Libertador, Distrito Capital, Regi√≥n Capital, 1010-A, Venezuela"
Silfer07Silvia,"Buenos Aires, Ciudad Aut√≥noma de Buenos Aires, Argentina"
SilviaHarrow,"Sydney, New South Wales, Australia"
blanca_mar2004,"Puebla, M√©xico"
Lasc2010,"Lima, Peru"
rgvelazquez,"Aragua, Central, Venezuela"
edm_dantes,"Tucum√°n, Argentina"
RaulfFernando,"Potos√≠, Bolivia"
Catolica_lucha,"Madrid, √Årea metropolitana de Madrid y Corredor del Henares, Comunidad de Madrid, 28001, Espa√±a"
danoninodanz,"Guanajuato, M√©xico"
FRENS_Carabobo,"Carabobo, Central, Venezuela"
FRENS_Carabobo,"Carabobo, Central, Venezuela"
daviru3,"Portoviejo, Manab√≠, Ecuador"
lourdesdoprado,"Minas Gerais, Regi√£o Sudeste, Brasil"
Armando91167006,"Distrito Federal, Regi√£o Centro-Oeste, Brasil"
Hablamachetero,"Bogot√°, Distrito Capital de Bogot√°, 110321, Colombia"
magugaki,"Monterrey, Nuevo Le√≥n, M√©xico"
sebasluca3820,"Florida, United States of America"
EmbaCuba_Haiti,"Port-au-Prince, Arrondissement de Port-au-Prince, D√©partement de l'Ouest, BP98, Haiti"
rionymg,"London, Greater London, England, SW1A 2DX, United Kingdom"
onajarfuentes,"Zapopan, Jalisco, 45129, M√©xico"
SQUALORHA,"Zapopan, Jalisco, 45129, M√©xico"
joeljimenezb,"Michoac√°n de Ocampo, M√©xico"
RicardoMagos,"Acapulco, Acapulco de Ju√°rez, Guerrero, 39300, M√©xico"
Catolica_lucha,"Madrid, √Årea metropolitana de Madrid y Corredor del Henares, Comunidad de Madrid, 28001, Espa√±a"
luisfmurillo,"Puerto Vallarta, Jalisco, 48300, M√©xico"
BibianaSants,"Rosario, Municipio de Rosario, Departamento Rosario, Santa Fe, S2000, Argentina"
mcardenasoyarzo,"Puerto Montt, Provincia de Llanquihue, Regi√≥n de Los Lagos, Chile"
Catolica_lucha,"Madrid, √Årea metropolitana de Madrid y Corredor del Henares, Comunidad de Madrid, 28001, Espa√±a"
RealADuran,"New York, United States of America"
LightYagamiand,"Nezahualc√≥yotl, Estado de M√©xico, 57000, M√©xico"
nely31121,"Almirante Brown, Ushuaia, Departamento Ushuaia, Tierra del Fuego, Argentina"
Catolica_lucha,"Madrid, √Årea metropolitana de Madrid y Corredor del Henares, Comunidad de Madrid, 28001, Espa√±a"
JanetTorresDice,"Chiclayo, Lambayeque, Per√∫"
ElvinAngelLina3,"La Paz, Provincia Pedro Domingo Murillo, La Paz, Bolivia"
pulgaralmich,"Uruapan, Michoac√°n de Ocampo, M√©xico"
Deoliveira410,"Los Angeles, Los Angeles County, California, United States of America"
sctoscar,"Yucat√°n, M√©xico"
jhimyvallejos,"Lima, Peru"
lechu1384,"Buenos Aires, Ciudad Aut√≥noma de Buenos Aires, Argentina"
igvasquez,"Montevideo, Uruguay"
Catolica_lucha,"Madrid, √Årea metropolitana de Madrid y Corredor del Henares, Comunidad de Madrid, 28001, Espa√±a"
ProcesoDigital,"Tegucigalpa, Francisco Moraz√°n, 12101, Honduras"
VictorHugoVega1,"La Paz, Provincia Pedro Domingo Murillo, La Paz, Bolivia"
Jesus30117095,"Segovia, Castilla y Le√≥n, Espa√±a"
Pliniosg23,"Managua, Managua (Municipio), Departamento de Managua, 10000 (CODIGO MAESTRO), Nicaragua"
maduradascom,"Caracas, Municipio Libertador, Distrito Capital, Regi√≥n Capital, 1010-A, Venezuela"
aaareees00,"Barcelona, Barcelon√®s, Barcelona, Catalunya, Espa√±a"
DolarToday,"Caracas, Municipio Libertador, Distrito Capital, Regi√≥n Capital, 1010-A, Venezuela"
raumunz,"Provincia Alajuela, Costa Rica"
Eduardo8Monte,"Cuauht√©moc, Ciudad de M√©xico, M√©xico"
portella57,"Los Angeles, Los Angeles County, California, United States of America"
elespectador,"Bogot√°, Distrito Capital de Bogot√°, 110321, Colombia"
dimelza_delgado,"La Paz, Provincia Pedro Domingo Murillo, La Paz, Bolivia"
Catolica_lucha,"Madrid, √Årea metropolitana de Madrid y Corredor del Henares, Comunidad de Madrid, 28001, Espa√±a"
huevocarajo,"Mississippi, United States of America"
Ciudadano2Cero,"Atlacomulco, Estado de M√©xico, 50490, M√©xico"
heremalcolm,"Radebeul, Mei√üen, Sachsen, 01445, Deutschland"
H4ZIBO_YT,"Bridgwater, Somerset, South West England, England, TA6, United Kingdom"
AngelVelascoA,"Manche, Normandie, France m√©tropolitaine, France"
Pepa11155029,"Tarragona, Tarragon√®s, Tarragona, Catalunya, Espa√±a"
guidorubio,"Flores, KABUPATEN MANGGARAI, Nusa Tenggara Timur, Indonesia"
HamannFernando,"Barra da Tijuca, Zona Oeste do Rio de Janeiro, Rio de Janeiro, Microrregi√£o Rio de Janeiro, Regi√£o Metropolitana do Rio de Janeiro, Rio de Janeiro, Regi√£o Sudeste, Brasil"
papudelospapus_,"Buenos Aires, Ciudad Aut√≥noma de Buenos Aires, Argentina"
maduradascom,"Caracas, Municipio Libertador, Distrito Capital, Regi√≥n Capital, 1010-A, Venezuela"
gdaviddenis,"Distrito Capital, Colombia"
ivcartagena13,"Dallas, Dallas County, Texas, United States of America"
NevikBelial,"La Paz, Provincia Pedro Domingo Murillo, La Paz, Bolivia"
giroenudigital,"Girardot, Cundinamarca, 252431, Colombia"
JuanJoseGuevara,"Florida, United States of America"
cleytonza,"Queensland, Australia"
DolarToday,"Caracas, Municipio Libertador, Distrito Capital, Regi√≥n Capital, 1010-A, Venezuela"
amartinez478,"Guanajuato, M√©xico"
Marco_Cortes93,"Zapopan, Jalisco, 45129, M√©xico"
PaulaTeoo,"Mar del Plata, Partido de General Pueyrred√≥n, Buenos Aires, Argentina"
drpachecot,"Santiago, Cant√≥n Para√≠so, Provincia Cartago, 30202, Costa Rica"
LordBlack36,"Mazatl√°n, Sinaloa, 82000, M√©xico"
AlvaroMartinG,"La Paz, Provincia Pedro Domingo Murillo, La Paz, Bolivia"
DaKellert,"Berlin, 10117, Deutschland"
MaigidaAbdullah,"Minna, Chanchaga, Niger, Nigeria"
RobertoK2021,"Distrito Capital, Colombia"
DolarToday,"Caracas, Municipio Libertador, Distrito Capital, Regi√≥n Capital, 1010-A, Venezuela"
RadioGtmo,"Guant√°namo, Cuba"
jrsestaca,"Ciudad de M√©xico, M√©xico"
sonda_ton,"El Bajio (Bojorquez), Hermosillo, Sonora, M√©xico"
CaroOvares,"Buenos Aires, Ciudad Aut√≥noma de Buenos Aires, Argentina"
vgutierrezf35,"Caracas, Municipio Libertador, Distrito Capital, Regi√≥n Capital, 1010-A, Venezuela"
Carlos_paz_1970,"Maracaibo, Municipio Maracaibo, Zulia, 4001, Venezuela"
tonnylp,"Alto, Cuneo, Piemonte, Italia"
david_rubio7,"Alacant / Alicante, l'Alacant√≠, Alacant / Alicante, Comunitat Valenciana, Espa√±a"
CAllstadt,"New York, United States of America"
Gavaldaraul,"Rosario, Municipio de Rosario, Departamento Rosario, Santa Fe, S2000, Argentina"
FreddyteleSUR,"La Paz, Provincia Pedro Domingo Murillo, La Paz, Bolivia"
lepefi74,"Montevideo, Uruguay"
Maurolog0,"Recoleta, Buenos Aires, Ciudad Aut√≥noma de Buenos Aires, Argentina"
Paquirri1981,"Machala, El Oro, Ecuador"
juantrasmonte,"Buenos Aires, Ciudad Aut√≥noma de Buenos Aires, Argentina"
amgonzalezar,"Villa Carlos Paz, Municipio de Villa Carlos Paz, Pedan√≠a San Roque, Departamento Punilla, C√≥rdoba, X5166, Argentina"
hectorestepa,"Bogot√°, Distrito Capital de Bogot√°, 110321, Colombia"
pinkfloyd_jd,"Bogot√°, Distrito Capital de Bogot√°, 110321, Colombia"
federicfpv,"General San Mart√≠n, Partido de General San Mart√≠n, Buenos Aires, Argentina"
ANBOLIVIA,"Alto, Cuneo, Piemonte, Italia"
ELEchoqueM,"Alto, Cuneo, Piemonte, Italia"
marcelo_yaquet,"Buenos Aires, Ciudad Aut√≥noma de Buenos Aires, Argentina"
Gavaldaraul,"Rosario, Municipio de Rosario, Departamento Rosario, Santa Fe, S2000, Argentina"
CoraDeFernandez,"Buenos Aires, Ciudad Aut√≥noma de Buenos Aires, Argentina"
TorDay61,"Buenos Aires, Ciudad Aut√≥noma de Buenos Aires, Argentina"
noticiero_la,"Caracas, Municipio Libertador, Distrito Capital, Regi√≥n Capital, 1010-A, Venezuela"
Class987FM,"San Carlos, Oriente, Antioquia, Colombia"
ConclusionRos,"Rosario, Municipio de Rosario, Departamento Rosario, Santa Fe, S2000, Argentina"
djmaleta,"Bogot√°, Distrito Capital de Bogot√°, 110321, Colombia"
eamestoy,"Montevideo, Uruguay"
NeoInformes,"Comunidad de Madrid, Espa√±a"
seguezaqueu,"Rio de Janeiro, Microrregi√£o Rio de Janeiro, Regi√£o Metropolitana do Rio de Janeiro, Rio de Janeiro, Regi√£o Sudeste, Brasil"
intiqueiroz,"La Spezia, Liguria, Italia"
alejandradunc16,"Buenos Aires, Ciudad Aut√≥noma de Buenos Aires, Argentina"
